scene_id,image_id,gt_index,object_id,matched_prediction_index,item_id,detector_score,mask_iou,max_mask_iou,iou_band,mask_match_iou50,merge_evidence,split_evidence,pose_completed,primary_failure_type,normalized_mssd,mspd_px,joint_pose_success,failure_bucket,notes
10,0,0,2,5,s000010-i000000-p000005,0.9994208812713623,0.7048232573505121,0.7048232573505121,0.50-0.75,True,False,False,True,,0.06019270035393235,4.332804237807116,True,SUCCESS,
10,0,1,2,1,s000010-i000000-p000001,0.9995763897895813,0.8950499762018087,0.8950499762018087,>=0.75,True,False,False,True,,0.03961890776890877,3.1611240944962327,True,SUCCESS,
10,0,2,2,24,s000010-i000000-p000024,0.9965932965278625,0.6886314265025344,0.6886314265025344,0.50-0.75,True,False,False,True,,0.07521108249156673,4.338537387104162,True,SUCCESS,
10,0,3,2,22,s000010-i000000-p000022,0.9972226619720459,0.7348665654154914,0.7348665654154914,0.50-0.75,True,False,False,True,,0.044203247872657905,4.199877268959022,True,SUCCESS,
10,0,4,2,0,s000010-i000000-p000000,0.999632716178894,0.8845878136200717,0.8845878136200717,>=0.75,True,False,False,True,,0.06208039622162331,5.601101561225624,True,SUCCESS,
10,0,5,2,16,s000010-i000000-p000016,0.9984379410743713,0.782020389249305,0.782020389249305,>=0.75,True,False,False,True,,0.06464341490835554,2.900204229412241,True,SUCCESS,
10,0,6,2,,,,,0.008397397989355411,<0.50,False,False,False,False,,,,False,MASK_BOUNDARY_IOU_FAILURE,best_overlap_prediction_index=0
10,0,7,2,7,s000010-i000000-p000007,0.9993395209312439,0.6764966740576497,0.6764966740576497,0.50-0.75,True,False,False,True,,0.06380840706328725,4.520453715777983,True,SUCCESS,
10,0,8,2,10,s000010-i000000-p000010,0.999026894569397,0.7819861431870669,0.7819861431870669,>=0.75,True,False,False,True,,0.0696807452512746,6.097458887801819,True,SUCCESS,
10,0,9,2,6,s000010-i000000-p000006,0.9994134902954102,0.6595482546201232,0.6595482546201232,0.50-0.75,True,False,False,True,,0.060261713378030504,5.496343162267277,True,SUCCESS,
10,0,10,2,12,s000010-i000000-p000012,0.9988510608673096,0.6980909269828773,0.6980909269828773,0.50-0.75,True,False,False,True,,0.061382803490695595,4.194359125235154,True,SUCCESS,
10,0,11,2,11,s000010-i000000-p000011,0.998968243598938,0.7101619338183525,0.7101619338183525,0.50-0.75,True,False,True,True,,0.06155963157571115,5.459255434448986,True,SUCCESS,
10,0,12,2,17,s000010-i000000-p000017,0.998302698135376,0.6569012976799056,0.6569012976799056,0.50-0.75,True,False,False,True,,0.07174432136423774,4.27077444066036,True,SUCCESS,
10,0,13,2,27,s000010-i000000-p000027,0.9856751561164856,0.5772921108742004,0.5772921108742004,0.50-0.75,True,False,False,True,,0.048028986565748895,4.002115155520667,True,SUCCESS,
10,0,14,2,9,s000010-i000000-p000009,0.9990781545639038,0.6321863197650021,0.6321863197650021,0.50-0.75,True,False,False,True,,0.045185275968031985,4.2106012541894415,True,SUCCESS,
10,0,15,2,25,s000010-i000000-p000025,0.9963788390159607,0.8313713949381989,0.8313713949381989,>=0.75,True,False,False,True,,0.06164375994643182,5.338982292642897,True,SUCCESS,
10,0,16,2,14,s000010-i000000-p000014,0.9985578656196594,0.7971155720132528,0.7971155720132528,>=0.75,True,False,False,True,,0.04535472966834448,4.545244260628009,True,SUCCESS,
10,0,17,2,20,s000010-i000000-p000020,0.9981744289398193,0.7783691718117948,0.7783691718117948,>=0.75,True,False,False,True,,0.038231719949104175,3.534587085237354,True,SUCCESS,
10,0,18,2,18,s000010-i000000-p000018,0.9982622265815735,0.7131228906094897,0.7131228906094897,0.50-0.75,True,False,False,True,,0.05469291896168125,2.896123900603967,True,SUCCESS,
10,0,19,2,32,s000010-i000000-p000032,0.969370424747467,0.696219323457882,0.696219323457882,0.50-0.75,True,False,False,True,,0.03761480956226267,3.1432961507386405,True,SUCCESS,
10,0,20,2,26,s000010-i000000-p000026,0.9958231449127197,0.6774522292993631,0.6774522292993631,0.50-0.75,True,False,False,True,,0.05453789653209855,3.808519219423833,True,SUCCESS,
10,0,21,2,,,,,0.46541353383458645,<0.50,False,True,False,False,,,,False,UNDER_SEGMENTATION_OR_MERGE,best_overlap_prediction_index=31
10,0,22,2,,,,,0.40850869167429094,<0.50,False,True,False,False,,,,False,UNDER_SEGMENTATION_OR_MERGE,best_overlap_prediction_index=31
10,0,23,2,19,s000010-i000000-p000019,0.9982471466064453,0.74086310138344,0.74086310138344,0.50-0.75,True,False,False,True,,0.05143518815810455,4.276318952407795,True,SUCCESS,
10,0,24,2,29,s000010-i000000-p000029,0.9819294810295105,0.8093774019984628,0.8093774019984628,>=0.75,True,False,False,True,,0.04823087727096944,3.5453974282921794,True,SUCCESS,
10,0,25,2,4,s000010-i000000-p000004,0.9994322657585144,0.8326885880077369,0.8326885880077369,>=0.75,True,False,False,True,,0.06121685632483181,5.181993776897517,True,SUCCESS,
10,0,26,2,15,s000010-i000000-p000015,0.9985199570655823,0.728843710292249,0.728843710292249,0.50-0.75,True,False,False,True,,0.08029503996940075,5.038050352785854,True,SUCCESS,
10,0,27,2,23,s000010-i000000-p000023,0.9970048069953918,0.6919231781110234,0.6919231781110234,0.50-0.75,True,False,False,True,,0.051780695920377685,4.4478854196505155,True,SUCCESS,
10,0,28,2,,,,,0.1773082223242995,<0.50,False,False,True,False,,,,False,OVER_SEGMENTATION,best_overlap_prediction_index=33
10,0,29,2,35,s000010-i000000-p000035,0.8160569071769714,0.7867920402361688,0.7867920402361688,>=0.75,True,False,False,True,,0.07671549738768758,6.7521776109550755,True,SUCCESS,
10,0,30,2,,,,,0.31748099891422366,<0.50,False,False,False,False,,,,False,MASK_BOUNDARY_IOU_FAILURE,best_overlap_prediction_index=30
10,0,31,2,13,s000010-i000000-p000013,0.9987450838088989,0.8151201130475741,0.8151201130475741,>=0.75,True,False,False,True,,0.05415286524271471,3.5805738029884453,True,SUCCESS,
10,0,32,2,2,s000010-i000000-p000002,0.9994747042655945,0.8393876491956409,0.8393876491956409,>=0.75,True,False,False,True,,0.05741022173195166,4.8309706120265155,True,SUCCESS,
10,0,33,2,8,s000010-i000000-p000008,0.9991311430931091,0.8474347434743474,0.8474347434743474,>=0.75,True,False,False,True,,0.09572172158100367,5.868765223094242,True,SUCCESS,
10,0,34,2,3,s000010-i000000-p000003,0.9994624257087708,0.6056710775047259,0.6056710775047259,0.50-0.75,True,False,False,True,,0.04485455520254758,3.836572276633588,True,SUCCESS,
10,0,35,2,28,s000010-i000000-p000028,0.9845245480537415,0.7854736842105263,0.7854736842105263,>=0.75,True,False,True,True,,0.05037956712130206,4.027533465131677,True,SUCCESS,
10,0,36,2,,,,,0.14455475330926595,<0.50,False,False,False,False,,,,False,MASK_BOUNDARY_IOU_FAILURE,best_overlap_prediction_index=17
10,10,0,2,9,s000010-i000010-p000009,0.9986124038696289,0.7484208626601696,0.7484208626601696,0.50-0.75,True,False,False,True,,0.0738351514725792,3.0490910967350833,True,SUCCESS,
10,10,1,2,10,s000010-i000010-p000010,0.9981827735900879,0.747049247049247,0.747049247049247,0.50-0.75,True,False,False,True,,0.06403769542118715,4.165957399794387,True,SUCCESS,
10,10,2,2,18,s000010-i000010-p000018,0.9972227811813354,0.7182025894897182,0.7182025894897182,0.50-0.75,True,False,False,True,,0.09363894060088378,5.88812211052929,True,SUCCESS,
10,10,3,2,2,s000010-i000010-p000002,0.9994446635246277,0.8646907216494846,0.8646907216494846,>=0.75,True,False,False,True,,0.038449860174555595,3.368474276387838,True,SUCCESS,
10,10,4,2,29,s000010-i000010-p000029,0.9798265695571899,0.7252327524468847,0.7252327524468847,0.50-0.75,True,False,False,True,,0.08382589813128222,7.227034280634037,True,SUCCESS,
10,10,5,2,13,s000010-i000010-p000013,0.998042106628418,0.7359550561797753,0.7359550561797753,0.50-0.75,True,False,False,True,,0.03805026674120818,3.306737188585403,True,SUCCESS,
10,10,6,2,,,,,0.45813549507817025,<0.50,False,True,False,False,,,,False,UNDER_SEGMENTATION_OR_MERGE,best_overlap_prediction_index=34
10,10,7,2,26,s000010-i000010-p000026,0.991395890712738,0.6186666666666667,0.6186666666666667,0.50-0.75,True,False,False,True,,0.03331966470371224,2.9262660454198817,True,SUCCESS,
10,10,8,2,19,s000010-i000010-p000019,0.9972037076950073,0.7036759189797449,0.7036759189797449,0.50-0.75,True,False,False,True,,0.06995216859286349,4.8738324556173716,True,SUCCESS,
10,10,9,2,5,s000010-i000010-p000005,0.9988376498222351,0.7090012330456227,0.7090012330456227,0.50-0.75,True,False,False,True,,0.06002783549692502,3.2552951133172083,True,SUCCESS,
10,10,10,2,1,s000010-i000010-p000001,0.9994927644729614,0.706229992612657,0.706229992612657,0.50-0.75,True,False,False,True,,0.055705433774750276,2.7909978325663523,True,SUCCESS,
10,10,11,2,6,s000010-i000010-p000006,0.99883633852005,0.6950411031556616,0.6950411031556616,0.50-0.75,True,False,False,True,,0.05633294995262335,4.061288887487182,True,SUCCESS,
10,10,12,2,16,s000010-i000010-p000016,0.9978260397911072,0.5155417406749556,0.5155417406749556,0.50-0.75,True,True,False,True,,0.05121293260304418,3.228557936114987,True,SUCCESS,
10,10,13,2,23,s000010-i000010-p000023,0.9958730340003967,0.5327889767797908,0.5327889767797908,0.50-0.75,True,False,True,True,,0.10745936315152546,6.2094582267552125,False,POSE_MSSD_ONLY_FAILURE,
10,10,14,2,24,s000010-i000010-p000024,0.9946839213371277,0.5737901293723048,0.5737901293723048,0.50-0.75,True,False,False,True,,0.07978847040071081,3.9498558967988906,True,SUCCESS,
10,10,15,2,25,s000010-i000010-p000025,0.9942880272865295,0.6405540960114641,0.6405540960114641,0.50-0.75,True,False,False,True,,0.1146091257808755,9.874401530834367,False,POSE_MSSD_ONLY_FAILURE,
10,10,16,2,20,s000010-i000010-p000020,0.9972002506256104,0.8717081420633003,0.8717081420633003,>=0.75,True,False,False,True,,0.05309240813321484,4.498955749090065,True,SUCCESS,
10,10,17,2,11,s000010-i000010-p000011,0.9980962872505188,0.7075298438934803,0.7075298438934803,0.50-0.75,True,False,False,True,,0.07413797131371422,5.360901742356648,True,SUCCESS,
10,10,18,2,17,s000010-i000010-p000017,0.9976025223731995,0.7165775401069518,0.7165775401069518,0.50-0.75,True,False,False,True,,0.02178494265126247,2.1771261866964493,True,SUCCESS,
10,10,19,2,28,s000010-i000010-p000028,0.9852508306503296,0.7880515617253346,0.7880515617253346,>=0.75,True,False,False,True,,0.04514670392551827,3.2635967225655995,True,SUCCESS,
10,10,20,2,31,s000010-i000010-p000031,0.9586548805236816,0.669799008091882,0.669799008091882,0.50-0.75,True,False,False,True,,0.04624444421112531,2.508744591086532,True,SUCCESS,
10,10,21,2,33,s000010-i000010-p000033,0.8777183294296265,0.7757725587144623,0.7757725587144623,>=0.75,True,True,True,True,,0.054799720309197705,4.296619530373712,True,SUCCESS,
10,10,22,2,,,,,0.3858832912401967,<0.50,False,True,False,False,,,,False,UNDER_SEGMENTATION_OR_MERGE,best_overlap_prediction_index=35
10,10,23,2,7,s000010-i000010-p000007,0.9988194108009338,0.6922914466737065,0.6922914466737065,0.50-0.75,True,False,False,True,,0.07927663498734203,5.303948661162444,True,SUCCESS,
10,10,24,2,22,s000010-i000010-p000022,0.9969969987869263,0.844061876247505,0.844061876247505,>=0.75,True,False,False,True,,0.043740496132506405,2.9018271307194756,True,SUCCESS,
10,10,25,2,0,s000010-i000010-p000000,0.9996390342712402,0.8654545454545455,0.8654545454545455,>=0.75,True,False,False,True,,0.05090149712772191,4.593934528169786,True,SUCCESS,
10,10,26,2,14,s000010-i000010-p000014,0.9979883432388306,0.6326530612244898,0.6326530612244898,0.50-0.75,True,False,False,True,,0.07215012122755905,2.9565332738163295,True,SUCCESS,
10,10,27,2,12,s000010-i000010-p000012,0.9980560541152954,0.5961634280019931,0.5961634280019931,0.50-0.75,True,False,False,True,,0.04693065396984728,3.1562856194715625,True,SUCCESS,
10,10,28,2,,,,,0.26884615384615385,<0.50,False,False,True,False,,,,False,OVER_SEGMENTATION,best_overlap_prediction_index=30
10,10,29,2,,,,,0.4331489165514062,<0.50,False,True,False,False,,,,False,UNDER_SEGMENTATION_OR_MERGE,best_overlap_prediction_index=34
10,10,30,2,4,s000010-i000010-p000004,0.9989861845970154,0.8114199849737039,0.8114199849737039,>=0.75,True,False,False,True,,0.053236368583909684,4.029395595211758,True,SUCCESS,
10,10,31,2,21,s000010-i000010-p000021,0.9970568418502808,0.7409979423868313,0.7409979423868313,0.50-0.75,True,False,False,True,,0.05549210825098324,3.5292788981188434,True,SUCCESS,
10,10,32,2,8,s000010-i000010-p000008,0.9988139867782593,0.7707707707707707,0.7707707707707707,>=0.75,True,False,False,True,,0.07256885231136563,5.139298104797387,True,SUCCESS,
10,10,33,2,3,s000010-i000010-p000003,0.9990143775939941,0.8894984326018809,0.8894984326018809,>=0.75,True,False,False,True,,0.05342085137451881,4.455497210167353,True,SUCCESS,
10,10,34,2,15,s000010-i000010-p000015,0.9978973865509033,0.7708284163323106,0.7708284163323106,>=0.75,True,False,False,True,,0.017137011402826408,1.6443369653466873,True,SUCCESS,
10,10,35,2,36,s000010-i000010-p000036,0.4426247775554657,0.7638495754144763,0.7638495754144763,>=0.75,True,False,False,True,,0.044386857622481374,4.252438656703893,True,SUCCESS,
10,10,36,2,,,,,0.37134420697412823,<0.50,False,True,False,False,,,,False,UNDER_SEGMENTATION_OR_MERGE,best_overlap_prediction_index=16
10,20,0,2,6,s000010-i000020-p000006,0.9986775517463684,0.8355648535564854,0.8355648535564854,>=0.75,True,False,False,True,,0.07601965706945653,4.010530481883017,True,SUCCESS,
10,20,1,2,,,,,0.2839300582847627,<0.50,False,False,False,False,,,,False,MASK_BOUNDARY_IOU_FAILURE,best_overlap_prediction_index=3
10,20,2,2,5,s000010-i000020-p000005,0.9989272952079773,0.6469737159392331,0.6469737159392331,0.50-0.75,True,False,False,True,,0.0730787028418848,5.840407402478921,True,SUCCESS,
10,20,3,2,12,s000010-i000020-p000012,0.9978533387184143,0.830060606060606,0.830060606060606,>=0.75,True,False,False,True,,0.1008025200075624,8.772915095185008,False,POSE_MSSD_ONLY_FAILURE,
10,20,4,2,7,s000010-i000020-p000007,0.9986492991447449,0.8501187648456057,0.8501187648456057,>=0.75,True,False,False,True,,0.0542924236267571,4.698826710420178,True,SUCCESS,
10,20,5,2,13,s000010-i000020-p000013,0.9977779984474182,0.6534947464595706,0.6534947464595706,0.50-0.75,True,False,False,True,,0.04791842000833979,4.144979824725344,True,SUCCESS,
10,20,6,2,,,,,0.01344832626808946,<0.50,False,False,False,False,,,,False,MASK_BOUNDARY_IOU_FAILURE,best_overlap_prediction_index=2
10,20,7,2,14,s000010-i000020-p000014,0.9975680708885193,0.6085202924124024,0.6085202924124024,0.50-0.75,True,False,False,True,,0.05487602073170535,4.6829574910158565,True,SUCCESS,
10,20,8,2,22,s000010-i000020-p000022,0.9959267377853394,0.6954858454475898,0.6954858454475898,0.50-0.75,True,False,False,True,,0.09466254808817089,6.1506900823390085,True,SUCCESS,
10,20,9,2,2,s000010-i000020-p000002,0.9992891550064087,0.6706500956022945,0.6706500956022945,0.50-0.75,True,False,False,True,,0.0589732714611578,4.059442129268347,True,SUCCESS,
10,20,10,2,1,s000010-i000020-p000001,0.9993485808372498,0.6527610320713769,0.6527610320713769,0.50-0.75,True,False,False,True,,0.07889442294610609,4.904188878437637,True,SUCCESS,
10,20,11,2,21,s000010-i000020-p000021,0.9964501857757568,0.6688806888068881,0.6688806888068881,0.50-0.75,True,False,False,True,,0.08671575440592777,5.9224826695129735,True,SUCCESS,
10,20,12,2,27,s000010-i000020-p000027,0.9899735450744629,0.8719794344473007,0.8719794344473007,>=0.75,True,False,False,True,,0.05634077252030335,4.489615705869269,True,SUCCESS,
10,20,13,2,25,s000010-i000020-p000025,0.9907516241073608,0.6185725249424405,0.6185725249424405,0.50-0.75,True,False,False,True,,0.09860211246850727,6.003984878300718,True,SUCCESS,
10,20,14,2,24,s000010-i000020-p000024,0.9934107661247253,0.5610647181628392,0.5610647181628392,0.50-0.75,True,False,False,True,,0.07846827824894276,5.279706535316886,True,SUCCESS,
10,20,15,2,11,s000010-i000020-p000011,0.9979228377342224,0.8406668488658103,0.8406668488658103,>=0.75,True,False,False,True,,0.06582345408210785,5.791496390335182,True,SUCCESS,
10,20,16,2,16,s000010-i000020-p000016,0.9973859190940857,0.8043620501635769,0.8043620501635769,>=0.75,True,False,False,True,,0.07899368893479805,7.025194687099486,True,SUCCESS,
10,20,17,2,17,s000010-i000020-p000017,0.9972077012062073,0.6527882916982084,0.6527882916982084,0.50-0.75,True,False,False,True,,0.07389123960795302,4.4915285701386685,True,SUCCESS,
10,20,18,2,8,s000010-i000020-p000008,0.9985161423683167,0.6160530528241481,0.6160530528241481,0.50-0.75,True,False,False,True,,0.039274678691870256,3.4857278018673905,True,SUCCESS,
10,20,19,2,34,s000010-i000020-p000034,0.6366936564445496,0.7777486224088166,0.7777486224088166,>=0.75,True,True,False,True,,0.0783495799825762,6.840757163268708,True,SUCCESS,
10,20,20,2,15,s000010-i000020-p000015,0.9975134134292603,0.7413180202351655,0.7413180202351655,0.50-0.75,True,False,False,True,,0.06670501542481382,4.341189690156652,True,SUCCESS,
10,20,21,2,,,,,0.45385232744783305,<0.50,False,True,False,False,,,,False,UNDER_SEGMENTATION_OR_MERGE,best_overlap_prediction_index=9
10,20,22,2,,,,,0.4850432957229074,<0.50,False,True,False,False,,,,False,UNDER_SEGMENTATION_OR_MERGE,best_overlap_prediction_index=9
10,20,23,2,10,s000010-i000020-p000010,0.998190701007843,0.5886075949367089,0.5886075949367089,0.50-0.75,True,False,False,True,,0.10563219969150084,6.490500252000242,False,POSE_MSSD_ONLY_FAILURE,
10,20,24,2,30,s000010-i000020-p000030,0.9826630353927612,0.794329649207112,0.794329649207112,>=0.75,True,False,False,True,,0.07291018635152731,4.977290755325766,True,SUCCESS,
10,20,25,2,0,s000010-i000020-p000000,0.9996114373207092,0.815406976744186,0.815406976744186,>=0.75,True,False,False,True,,0.0797463766972956,6.705686052976829,True,SUCCESS,
10,20,26,2,,,,,0.4108196054504779,<0.50,False,False,False,False,,,,False,MASK_BOUNDARY_IOU_FAILURE,best_overlap_prediction_index=3
10,20,27,2,20,s000010-i000020-p000020,0.9968543648719788,0.5791162675882499,0.5791162675882499,0.50-0.75,True,False,False,True,,0.08571021262328964,5.176677590637218,True,SUCCESS,
10,20,28,2,32,s000010-i000020-p000032,0.9650686383247375,0.5967741935483871,0.5967741935483871,0.50-0.75,True,False,True,True,,0.06949709455071279,6.38080837999309,True,SUCCESS,
10,20,29,2,,,,,0.0,<0.50,False,False,False,False,,,,False,DETECTOR_MISS,best_overlap_prediction_index=0
10,20,30,2,4,s000010-i000020-p000004,0.9989991784095764,0.8389314996032795,0.8389314996032795,>=0.75,True,False,False,True,,0.07039252097894065,5.373159816935623,True,SUCCESS,
10,20,31,2,19,s000010-i000020-p000019,0.9969539642333984,0.6531182128451753,0.6531182128451753,0.50-0.75,True,False,True,True,,0.049386910510246025,3.013237021600632,True,SUCCESS,
10,20,32,2,18,s000010-i000020-p000018,0.9970459342002869,0.730605738575983,0.730605738575983,0.50-0.75,True,False,True,True,,0.06950503993579239,5.626358766181179,True,SUCCESS,
10,20,33,2,23,s000010-i000020-p000023,0.9959195852279663,0.6912245411113905,0.6912245411113905,0.50-0.75,True,False,False,True,,0.07053948686601941,5.2892295332489105,True,SUCCESS,
10,20,34,2,26,s000010-i000020-p000026,0.9903296232223511,0.6627521062037274,0.6627521062037274,0.50-0.75,True,False,False,True,,0.05245751401797253,4.572616337686356,True,SUCCESS,
10,20,35,2,,,,,0.42982851985559567,<0.50,False,False,False,False,,,,False,MASK_BOUNDARY_IOU_FAILURE,best_overlap_prediction_index=29
10,20,36,2,,,,,0.49964503762601165,<0.50,False,True,False,False,,,,False,UNDER_SEGMENTATION_OR_MERGE,best_overlap_prediction_index=31
10,30,0,2,1,s000010-i000030-p000001,0.9996312856674194,0.7556977209116353,0.7556977209116353,>=0.75,True,False,False,True,,0.07064105134147565,4.092703197089747,True,SUCCESS,
10,30,1,2,,,,,0.27358312935417056,<0.50,False,False,False,False,,,,False,MASK_BOUNDARY_IOU_FAILURE,best_overlap_prediction_index=31
10,30,2,2,5,s000010-i000030-p000005,0.9992209672927856,0.8557692307692307,0.8557692307692307,>=0.75,True,False,False,True,,0.09292804476918506,5.196116217384449,True,SUCCESS,
10,30,3,2,10,s000010-i000030-p000010,0.9987195730209351,0.8641370869033048,0.8641370869033048,>=0.75,True,False,False,True,,0.04158031106213326,3.7079588951985283,True,SUCCESS,
10,30,4,2,3,s000010-i000030-p000003,0.9993088245391846,0.8275225121219117,0.8275225121219117,>=0.75,True,False,False,True,,0.04850631152115355,4.213804578218773,True,SUCCESS,
10,30,5,2,7,s000010-i000030-p000007,0.999018669128418,0.771576100319646,0.771576100319646,>=0.75,True,False,False,True,,0.07206879717333603,4.2029454698158215,True,SUCCESS,
10,30,6,2,,,,,0.021824875098606363,<0.50,False,False,False,False,,,,False,MASK_BOUNDARY_IOU_FAILURE,best_overlap_prediction_index=3
10,30,7,2,17,s000010-i000030-p000017,0.9979884624481201,0.6964054822860098,0.6964054822860098,0.50-0.75,True,False,False,True,,0.08438978681570397,7.013680855644825,True,SUCCESS,
10,30,8,2,11,s000010-i000030-p000011,0.9987075328826904,0.7787136294027565,0.7787136294027565,>=0.75,True,False,False,True,,0.06641992246825325,5.230460518937963,True,SUCCESS,
10,30,9,2,4,s000010-i000030-p000004,0.9993079900741577,0.6962944416624938,0.6962944416624938,0.50-0.75,True,False,False,True,,0.08132252711072666,6.038493413795081,True,SUCCESS,
10,30,10,2,9,s000010-i000030-p000009,0.9988815188407898,0.7004038364462393,0.7004038364462393,0.50-0.75,True,False,False,True,,0.048683179929747085,3.991245424254922,True,SUCCESS,
10,30,11,2,14,s000010-i000030-p000014,0.9981485605239868,0.7923497267759563,0.7923497267759563,>=0.75,True,False,False,True,,0.05104260408996461,4.190051039857176,True,SUCCESS,
10,30,12,2,25,s000010-i000030-p000025,0.9957025647163391,0.8401588483494664,0.8401588483494664,>=0.75,True,False,False,True,,0.08079615839398158,2.91767168847201,True,SUCCESS,
10,30,13,2,28,s000010-i000030-p000028,0.993590235710144,0.6621297037630104,0.6621297037630104,0.50-0.75,True,False,False,True,,0.08778637907016575,4.2594845715174525,True,SUCCESS,
10,30,14,2,19,s000010-i000030-p000019,0.997521698474884,0.6531430002504383,0.6531430002504383,0.50-0.75,True,False,False,True,,0.06037455407188423,3.469541941710721,True,SUCCESS,
10,30,15,2,15,s000010-i000030-p000015,0.9981226325035095,0.8752497858978019,0.8752497858978019,>=0.75,True,False,False,True,,0.03754767325278459,2.62639631390216,True,SUCCESS,
10,30,16,2,6,s000010-i000030-p000006,0.9990523457527161,0.7632739122100825,0.7632739122100825,>=0.75,True,False,False,True,,0.04273030820655551,3.8619269809134558,True,SUCCESS,
10,30,17,2,13,s000010-i000030-p000013,0.9983091354370117,0.7864238410596026,0.7864238410596026,>=0.75,True,False,False,True,,0.05923555964865392,3.90466115643651,True,SUCCESS,
10,30,18,2,16,s000010-i000030-p000016,0.9980000853538513,0.7148603880738287,0.7148603880738287,0.50-0.75,True,False,False,True,,0.05700088403611372,4.099363390086864,True,SUCCESS,
10,30,19,2,,,,,0.47920242968440513,<0.50,False,True,False,False,,,,False,UNDER_SEGMENTATION_OR_MERGE,best_overlap_prediction_index=30
10,30,20,2,24,s000010-i000030-p000024,0.9957624077796936,0.734875940897686,0.734875940897686,0.50-0.75,True,False,False,True,,0.04610153629386296,3.0389074540564436,True,SUCCESS,
10,30,21,2,,,,,0.45646992850133183,<0.50,False,True,False,False,,,,False,UNDER_SEGMENTATION_OR_MERGE,best_overlap_prediction_index=20
10,30,22,2,,,,,0.4662715213096246,<0.50,False,True,False,False,,,,False,UNDER_SEGMENTATION_OR_MERGE,best_overlap_prediction_index=20
10,30,23,2,18,s000010-i000030-p000018,0.9979662895202637,0.6680192746639615,0.6680192746639615,0.50-0.75,True,False,False,True,,0.09175769591512431,3.867009731361329,True,SUCCESS,
10,30,24,2,33,s000010-i000030-p000033,0.9135595560073853,0.7690243902439025,0.7690243902439025,>=0.75,True,False,False,True,,0.056656189437524374,3.9657697758323835,True,SUCCESS,
10,30,25,2,0,s000010-i000030-p000000,0.9997201561927795,0.8218145262628801,0.8218145262628801,>=0.75,True,False,False,True,,0.04243498518510897,3.9528466485971228,True,SUCCESS,
10,30,26,2,,,,,0.3727106227106227,<0.50,False,False,False,False,,,,False,MASK_BOUNDARY_IOU_FAILURE,best_overlap_prediction_index=2
10,30,27,2,26,s000010-i000030-p000026,0.9955877065658569,0.696617050067659,0.696617050067659,0.50-0.75,True,False,False,True,,0.08873057901067187,5.2372032130981765,True,SUCCESS,
10,30,28,2,29,s000010-i000030-p000029,0.9933639764785767,0.7548225308641975,0.7548225308641975,>=0.75,True,False,False,True,,0.04804697707759867,4.4243145209650345,True,SUCCESS,
10,30,29,2,34,s000010-i000030-p000034,0.27135083079338074,0.8278706800445931,0.8278706800445931,>=0.75,True,False,True,True,,0.09156966353470031,7.45554008999649,True,SUCCESS,
10,30,30,2,12,s000010-i000030-p000012,0.9983750581741333,0.8191603875134553,0.8191603875134553,>=0.75,True,False,False,True,,0.08554967242286252,5.811595832153526,True,SUCCESS,
10,30,31,2,21,s000010-i000030-p000021,0.9969807267189026,0.7225972356155577,0.7225972356155577,0.50-0.75,True,False,False,True,,0.062020295846883344,4.746585974629469,True,SUCCESS,
10,30,32,2,22,s000010-i000030-p000022,0.9967812299728394,0.743073047858942,0.743073047858942,0.50-0.75,True,False,False,True,,0.05182793083747181,3.1886897970058903,True,SUCCESS,
10,30,33,2,8,s000010-i000030-p000008,0.9990102052688599,0.8710191082802548,0.8710191082802548,>=0.75,True,False,False,True,,0.05078109762516355,3.392810610433943,True,SUCCESS,
10,30,34,2,27,s000010-i000030-p000027,0.9955503940582275,0.7268505872712374,0.7268505872712374,0.50-0.75,True,False,False,True,,0.034300765348952024,2.9669115440925067,True,SUCCESS,
10,30,35,2,23,s000010-i000030-p000023,0.9960291385650635,0.8999271314063638,0.8999271314063638,>=0.75,True,False,False,True,,0.044926176772305475,4.170075416570741,True,SUCCESS,
10,30,36,2,,,,,0.46772277227722775,<0.50,False,True,False,False,,,,False,UNDER_SEGMENTATION_OR_MERGE,best_overlap_prediction_index=30
10,40,0,2,18,s000010-i000040-p000018,0.9975600242614746,0.7626241721854304,0.7626241721854304,>=0.75,True,False,False,True,,0.062278949118811405,2.711015292183083,True,SUCCESS,
10,40,1,2,22,s000010-i000040-p000022,0.9964996576309204,0.6547987616099071,0.6547987616099071,0.50-0.75,True,False,False,True,,0.051978298318642945,3.1362056038585746,True,SUCCESS,
10,40,2,2,9,s000010-i000040-p000009,0.9990837574005127,0.8764786795048143,0.8764786795048143,>=0.75,True,False,False,True,,0.06954017076974874,1.1754251406405571,True,SUCCESS,
10,40,3,2,7,s000010-i000040-p000007,0.9991500377655029,0.9196787148594378,0.9196787148594378,>=0.75,True,False,False,True,,0.06203885123350489,5.550599122833137,True,SUCCESS,
10,40,4,2,1,s000010-i000040-p000001,0.9994001388549805,0.8535863938871087,0.8535863938871087,>=0.75,True,False,False,True,,0.044273811022615905,3.230362181078534,True,SUCCESS,
10,40,5,2,0,s000010-i000040-p000000,0.999445378780365,0.7483926275182169,0.7483926275182169,0.50-0.75,True,False,False,True,,0.04284288064906603,2.1129590443697475,True,SUCCESS,
10,40,6,2,,,,,0.013302486986697512,<0.50,False,False,False,False,,,,False,MASK_BOUNDARY_IOU_FAILURE,best_overlap_prediction_index=2
10,40,7,2,3,s000010-i000040-p000003,0.9993125200271606,0.7464558342420938,0.7464558342420938,0.50-0.75,True,False,False,True,,0.05291424552968289,4.1585608414779935,True,SUCCESS,
10,40,8,2,13,s000010-i000040-p000013,0.9986874461174011,0.8456449834619625,0.8456449834619625,>=0.75,True,False,False,True,,0.03923053701907049,2.8498809417575113,True,SUCCESS,
10,40,9,2,2,s000010-i000040-p000002,0.9993770718574524,0.740243599304002,0.740243599304002,0.50-0.75,True,False,False,True,,0.06299268611039524,3.9803915995720254,True,SUCCESS,
10,40,10,2,6,s000010-i000040-p000006,0.999152660369873,0.6981035366478728,0.6981035366478728,0.50-0.75,True,False,False,True,,0.06993655614609849,3.579067946678511,True,SUCCESS,
10,40,11,2,15,s000010-i000040-p000015,0.9984361529350281,0.83485254691689,0.83485254691689,>=0.75,True,False,False,True,,0.02912106032997208,2.538988199742134,True,SUCCESS,
10,40,12,2,26,s000010-i000040-p000026,0.9944274425506592,0.8596491228070176,0.8596491228070176,>=0.75,True,False,False,True,,0.05215059572110856,1.5801475124585305,True,SUCCESS,
10,40,13,2,28,s000010-i000040-p000028,0.9810500741004944,0.6743049190345249,0.6743049190345249,0.50-0.75,True,False,False,True,,0.07410977956795724,2.197479505457564,True,SUCCESS,
10,40,14,2,16,s000010-i000040-p000016,0.9982171654701233,0.6684018740239459,0.6684018740239459,0.50-0.75,True,False,False,True,,0.0542317412665303,3.27351599106749,True,SUCCESS,
10,40,15,2,,,,,0.47471672585827834,<0.50,False,True,False,False,,,,False,UNDER_SEGMENTATION_OR_MERGE,best_overlap_prediction_index=19
10,40,16,2,4,s000010-i000040-p000004,0.9992220401763916,0.8712814645308925,0.8712814645308925,>=0.75,True,False,False,True,,0.040318551569220644,2.7686354247578255,True,SUCCESS,
10,40,17,2,17,s000010-i000040-p000017,0.9976886510848999,0.8459163626157732,0.8459163626157732,>=0.75,True,False,False,True,,0.0369375223735041,2.6311083767366488,True,SUCCESS,
10,40,18,2,5,s000010-i000040-p000005,0.9992179870605469,0.7964580300824843,0.7964580300824843,>=0.75,True,False,False,True,,0.022194406811495353,1.649320290553582,True,SUCCESS,
10,40,19,2,30,s000010-i000040-p000030,0.9301037788391113,0.8715666327568667,0.8715666327568667,>=0.75,True,True,True,True,,0.04755356900522288,2.048309563963462,True,SUCCESS,
10,40,20,2,27,s000010-i000040-p000027,0.9941912293434143,0.7760087839692561,0.7760087839692561,>=0.75,True,False,False,True,,0.05601679399817822,1.4435721659569938,True,SUCCESS,
10,40,21,2,,,,,0.48048967100229534,<0.50,False,True,False,False,,,,False,UNDER_SEGMENTATION_OR_MERGE,best_overlap_prediction_index=12
10,40,22,2,,,,,0.3934885091337655,<0.50,False,True,False,False,,,,False,UNDER_SEGMENTATION_OR_MERGE,best_overlap_prediction_index=12
10,40,23,2,11,s000010-i000040-p000011,0.9989105463027954,0.8062337662337662,0.8062337662337662,>=0.75,True,False,False,True,,0.04759422297271566,2.320471795753499,True,SUCCESS,
10,40,24,2,,,,,0.0013053410203415642,<0.50,False,False,False,False,,,,False,MASK_BOUNDARY_IOU_FAILURE,best_overlap_prediction_index=19
10,40,25,2,14,s000010-i000040-p000014,0.998445451259613,0.8835653104925053,0.8835653104925053,>=0.75,True,False,False,True,,0.02092815181059271,1.7444657963890882,True,SUCCESS,
10,40,26,2,32,s000010-i000040-p000032,0.8922194242477417,0.6841789252476733,0.6841789252476733,0.50-0.75,True,False,False,True,,0.10030443980856538,3.747213751960454,False,POSE_MSSD_ONLY_FAILURE,
10,40,27,2,20,s000010-i000040-p000020,0.9971939325332642,0.7642815926139642,0.7642815926139642,>=0.75,True,False,False,True,,0.05092870618230554,1.689497574237256,True,SUCCESS,
10,40,28,2,25,s000010-i000040-p000025,0.995248019695282,0.8328949675609328,0.8328949675609328,>=0.75,True,False,False,True,,0.026512506871887324,1.9431745042273172,True,SUCCESS,
10,40,29,2,29,s000010-i000040-p000029,0.9668726325035095,0.8612176414189837,0.8612176414189837,>=0.75,True,False,False,True,,0.07199148594350653,4.955068671913358,True,SUCCESS,
10,40,30,2,23,s000010-i000040-p000023,0.996434211730957,0.8226720647773279,0.8226720647773279,>=0.75,True,False,False,True,,0.06074866581120302,3.513980504473295,True,SUCCESS,
10,40,31,2,8,s000010-i000040-p000008,0.999103844165802,0.7557106598984772,0.7557106598984772,>=0.75,True,False,False,True,,0.04359461656937062,2.6028092828494245,True,SUCCESS,
10,40,32,2,33,s000010-i000040-p000033,0.7253036499023438,0.7812045388420134,0.7812045388420134,>=0.75,True,True,False,True,,0.0553162601383343,2.3197097139169434,True,SUCCESS,
10,40,33,2,10,s000010-i000040-p000010,0.9990277290344238,0.9403314917127071,0.9403314917127071,>=0.75,True,False,False,True,,0.05914859855073709,2.383611842649607,True,SUCCESS,
10,40,34,2,21,s000010-i000040-p000021,0.9969911575317383,0.8152716593245227,0.8152716593245227,>=0.75,True,False,False,True,,0.012873734534447298,1.0530516285150882,True,SUCCESS,
10,40,35,2,24,s000010-i000040-p000024,0.9960939288139343,0.86597188560349,0.86597188560349,>=0.75,True,False,False,True,,0.038204476674346795,3.3359475094461364,True,SUCCESS,
10,40,36,2,,,,,0.4621933621933622,<0.50,False,True,False,False,,,,False,UNDER_SEGMENTATION_OR_MERGE,best_overlap_prediction_index=31
25,0,0,1,14,s000025-i000000-p000014,0.9987300038337708,0.845061533606816,0.845061533606816,>=0.75,True,False,False,True,,0.053707548894322256,6.729935700621575,True,SUCCESS,
25,0,1,1,5,s000025-i000000-p000005,0.9996501207351685,0.7252047315741583,0.7252047315741583,0.50-0.75,True,False,False,True,,0.06587705646891091,5.422048657658127,True,SUCCESS,
25,0,2,1,49,s000025-i000000-p000049,0.40611085295677185,0.7429266808640097,0.7429266808640097,0.50-0.75,True,False,False,True,,0.04894621653042974,5.335851323933568,True,SUCCESS,
25,0,3,1,10,s000025-i000000-p000010,0.9993727803230286,0.6660739687055477,0.6660739687055477,0.50-0.75,True,False,False,True,,0.026424965004107584,2.741854512688633,True,SUCCESS,
25,0,4,1,3,s000025-i000000-p000003,0.9997649788856506,0.7938985455835402,0.7938985455835402,>=0.75,True,False,True,True,,0.04362664652296,5.531865135700043,True,SUCCESS,
25,0,5,1,36,s000025-i000000-p000036,0.9808688163757324,0.8344606621573514,0.8344606621573514,>=0.75,True,False,False,True,,1.1964481083725345,156.0935593224379,False,POSE_MSSD_AND_MSPD_FAILURE,
25,0,6,1,6,s000025-i000000-p000006,0.9994768500328064,0.7031828275351591,0.7031828275351591,0.50-0.75,True,False,False,True,,1.0321063630601546,130.28082455134316,False,POSE_MSSD_AND_MSPD_FAILURE,
25,0,7,1,0,s000025-i000000-p000000,0.9999287128448486,0.8026964814205854,0.8026964814205854,>=0.75,True,False,False,True,,0.027249401488701083,3.5058472474182327,True,SUCCESS,
25,0,8,1,1,s000025-i000000-p000001,0.999854564666748,0.73950233281493,0.73950233281493,0.50-0.75,True,False,False,True,,0.06650260694291528,2.585546985220359,True,SUCCESS,
25,0,9,1,4,s000025-i000000-p000004,0.9997467398643494,0.6823988644428672,0.6823988644428672,0.50-0.75,True,False,False,True,,0.04775803355807357,3.240717138608952,True,SUCCESS,
25,0,10,1,18,s000025-i000000-p000018,0.9980794191360474,0.7873880082701585,0.7873880082701585,>=0.75,True,False,False,True,,0.09587153522280137,5.908465555816992,True,SUCCESS,
25,0,11,1,2,s000025-i000000-p000002,0.9998307228088379,0.8411633109619687,0.8411633109619687,>=0.75,True,False,False,True,,0.07017865393513628,5.557433732208598,True,SUCCESS,
25,0,12,1,13,s000025-i000000-p000013,0.9987478256225586,0.8125241592578276,0.8125241592578276,>=0.75,True,False,False,True,,0.05011044490911015,4.056403164834495,True,SUCCESS,
25,0,13,1,28,s000025-i000000-p000028,0.995648205280304,0.7666190135811294,0.7666190135811294,>=0.75,True,False,False,True,,0.04248006331034634,5.285349784055345,True,SUCCESS,
25,0,14,1,16,s000025-i000000-p000016,0.9982494115829468,0.7435090479937058,0.7435090479937058,0.50-0.75,True,False,False,True,,0.10715004918728267,5.790273336403375,False,POSE_MSSD_ONLY_FAILURE,
25,0,15,1,21,s000025-i000000-p000021,0.9967864751815796,0.6975182481751825,0.6975182481751825,0.50-0.75,True,False,False,True,,1.2037611397565289,166.4848669339408,False,POSE_MSSD_AND_MSPD_FAILURE,
25,0,16,1,22,s000025-i000000-p000022,0.9967302083969116,0.5130293159609121,0.5130293159609121,0.50-0.75,True,True,False,True,,0.06616764047857326,7.610713237357562,True,SUCCESS,
25,0,17,1,19,s000025-i000000-p000019,0.9977514147758484,0.5858375483487057,0.5858375483487057,0.50-0.75,True,True,False,True,,0.4933457667146082,57.169051075110424,False,POSE_MSSD_AND_MSPD_FAILURE,
25,0,18,1,,,,,0.47456575682382135,<0.50,False,False,False,False,,,,False,MASK_BOUNDARY_IOU_FAILURE,best_overlap_prediction_index=35
25,0,19,1,11,s000025-i000000-p000011,0.9993249177932739,0.7319229554783707,0.7319229554783707,0.50-0.75,True,False,False,True,,0.08242336324141496,2.1741864222472507,True,SUCCESS,
25,0,20,1,29,s000025-i000000-p000029,0.9952634572982788,0.8071484681853889,0.8071484681853889,>=0.75,True,False,False,True,,0.06993373808301268,3.4604128446867173,True,SUCCESS,
25,0,21,1,30,s000025-i000000-p000030,0.994641900062561,0.6604271025573425,0.6604271025573425,0.50-0.75,True,False,False,True,,0.03500506110962629,4.365198022153203,True,SUCCESS,
25,0,22,1,32,s000025-i000000-p000032,0.9915789365768433,0.5531242402139558,0.5531242402139558,0.50-0.75,True,False,False,True,,0.09732457378806428,3.805614288941675,True,SUCCESS,
25,0,23,1,37,s000025-i000000-p000037,0.9562274813652039,0.6421096693177062,0.6421096693177062,0.50-0.75,True,False,False,True,,0.04600854635393045,5.458340951304668,True,SUCCESS,
25,0,24,1,,,,,0.07899049491969846,<0.50,False,False,False,False,,,,False,MASK_BOUNDARY_IOU_FAILURE,best_overlap_prediction_index=27
25,0,25,1,44,s000025-i000000-p000044,0.7932431101799011,0.6587263004375303,0.6587263004375303,0.50-0.75,True,False,False,True,,0.047363077381754604,4.23002165748645,True,SUCCESS,
25,0,26,1,33,s000025-i000000-p000033,0.991506040096283,0.78,0.78,>=0.75,True,False,False,True,,0.08232249974832409,2.8858060893911333,True,SUCCESS,
25,0,27,1,12,s000025-i000000-p000012,0.9987545013427734,0.6724726775956285,0.6724726775956285,0.50-0.75,True,False,False,True,,0.101684443714586,10.069545780231385,False,POSE_MSSD_AND_MSPD_FAILURE,
25,0,28,1,9,s000025-i000000-p000009,0.99937903881073,0.6773722627737226,0.6773722627737226,0.50-0.75,True,False,False,True,,0.0455601511748027,3.2884259746862066,True,SUCCESS,
25,0,29,1,17,s000025-i000000-p000017,0.9980977177619934,0.5874186550976139,0.5874186550976139,0.50-0.75,True,False,False,True,,0.21195319726779338,17.059176267924613,False,POSE_MSSD_AND_MSPD_FAILURE,
25,0,30,1,,,,,0.0964504738896116,<0.50,False,False,False,False,,,,False,MASK_BOUNDARY_IOU_FAILURE,best_overlap_prediction_index=30
25,0,31,1,,,,,0.24862601413242608,<0.50,False,True,False,False,,,,False,UNDER_SEGMENTATION_OR_MERGE,best_overlap_prediction_index=22
25,0,32,1,41,s000025-i000000-p000041,0.9107125401496887,0.8347826086956521,0.8347826086956521,>=0.75,True,False,False,True,,0.07572597292579061,4.886974481432432,True,SUCCESS,
25,0,33,1,25,s000025-i000000-p000025,0.9958744645118713,0.6648381788261108,0.6648381788261108,0.50-0.75,True,False,False,True,,1.0075066252765097,138.53662497848964,False,POSE_MSSD_AND_MSPD_FAILURE,
25,0,34,1,,,,,0.19946412622804405,<0.50,False,False,False,False,,,,False,MASK_BOUNDARY_IOU_FAILURE,best_overlap_prediction_index=43
25,0,35,1,,,,,0.008508224617129892,<0.50,False,False,False,False,,,,False,MASK_BOUNDARY_IOU_FAILURE,best_overlap_prediction_index=25
25,0,36,1,,,,,0.4675501189262657,<0.50,False,False,False,False,,,,False,MASK_BOUNDARY_IOU_FAILURE,best_overlap_prediction_index=42
25,0,37,1,40,s000025-i000000-p000040,0.9348400831222534,0.6518960374946741,0.6518960374946741,0.50-0.75,True,False,False,True,,0.3465358749622511,41.39744600861447,False,POSE_MSSD_AND_MSPD_FAILURE,
25,0,38,1,7,s000025-i000000-p000007,0.9994707703590393,0.6483687208700155,0.6483687208700155,0.50-0.75,True,False,False,True,,1.1070481193312738,126.28569465916641,False,POSE_MSSD_AND_MSPD_FAILURE,
25,0,39,1,8,s000025-i000000-p000008,0.9994593262672424,0.7358078602620087,0.7358078602620087,0.50-0.75,True,False,False,True,,0.07014767617126703,5.856381338669492,True,SUCCESS,
25,0,40,1,31,s000025-i000000-p000031,0.9925445318222046,0.7903903903903904,0.7903903903903904,>=0.75,True,False,False,True,,0.9495836822702088,105.54774782149998,False,POSE_MSSD_AND_MSPD_FAILURE,
25,0,41,1,,,,,0.04922894424673784,<0.50,False,False,False,False,,,,False,MASK_BOUNDARY_IOU_FAILURE,best_overlap_prediction_index=10
25,0,42,1,46,s000025-i000000-p000046,0.5645495057106018,0.5216310293386375,0.5216310293386375,0.50-0.75,True,False,False,True,,1.0407485112607318,116.78705611704844,False,POSE_MSSD_AND_MSPD_FAILURE,
25,0,43,1,,,,,0.21710526315789475,<0.50,False,True,False,False,,,,False,UNDER_SEGMENTATION_OR_MERGE,best_overlap_prediction_index=19
25,0,44,1,20,s000025-i000000-p000020,0.9972596168518066,0.6134453781512605,0.6134453781512605,0.50-0.75,True,False,False,True,,0.039062625425583856,5.116026045848686,True,SUCCESS,
25,0,45,1,26,s000025-i000000-p000026,0.9958673715591431,0.7164948453608248,0.7164948453608248,0.50-0.75,True,False,False,True,,0.8865215034156569,83.05749604053354,False,POSE_MSSD_AND_MSPD_FAILURE,
25,0,46,1,,,,,0.48316326530612247,<0.50,False,False,False,False,,,,False,MASK_BOUNDARY_IOU_FAILURE,best_overlap_prediction_index=45
25,0,47,1,,,,,0.018112701252236137,<0.50,False,False,False,False,,,,False,MASK_BOUNDARY_IOU_FAILURE,best_overlap_prediction_index=14
25,0,48,1,15,s000025-i000000-p000015,0.9987229704856873,0.7009708737864078,0.7009708737864078,0.50-0.75,True,False,False,True,,0.04883260585664771,3.0632826536494133,True,SUCCESS,
25,0,49,1,,,,,0.15004616805170823,<0.50,False,False,False,False,,,,False,MASK_BOUNDARY_IOU_FAILURE,best_overlap_prediction_index=48
25,0,50,1,27,s000025-i000000-p000027,0.9957515001296997,0.5301837270341208,0.5301837270341208,0.50-0.75,True,False,False,True,,0.09420759617390266,6.269257603673102,True,SUCCESS,
25,0,51,1,,,,,0.15254237288135594,<0.50,False,False,False,False,,,,False,MASK_BOUNDARY_IOU_FAILURE,best_overlap_prediction_index=39
25,0,52,1,,,,,0.007827260458839407,<0.50,False,False,False,False,,,,False,MASK_BOUNDARY_IOU_FAILURE,best_overlap_prediction_index=2
25,0,53,1,,,,,0.47921041579168416,<0.50,False,False,False,False,,,,False,MASK_BOUNDARY_IOU_FAILURE,best_overlap_prediction_index=23
25,0,54,1,34,s000025-i000000-p000034,0.988828718662262,0.6959234608985025,0.6959234608985025,0.50-0.75,True,False,False,True,,0.07091921939483126,5.594081657101892,True,SUCCESS,
25,0,55,1,,,,,0.05910946918141163,<0.50,False,False,False,False,,,,False,MASK_BOUNDARY_IOU_FAILURE,best_overlap_prediction_index=39
25,0,56,1,,,,,0.33808375356281517,<0.50,False,False,False,False,,,,False,MASK_BOUNDARY_IOU_FAILURE,best_overlap_prediction_index=39
25,0,57,1,,,,,0.10932400932400932,<0.50,False,False,False,False,,,,False,MASK_BOUNDARY_IOU_FAILURE,best_overlap_prediction_index=11
25,0,58,1,,,,,0.047972972972972976,<0.50,False,False,False,False,,,,False,MASK_BOUNDARY_IOU_FAILURE,best_overlap_prediction_index=42
25,10,0,1,16,s000025-i000010-p000016,0.9982606768608093,0.8078920041536864,0.8078920041536864,>=0.75,True,False,False,True,,0.07279683469088137,6.736484154709662,True,SUCCESS,
25,10,1,1,,,,,0.4858178716144167,<0.50,False,True,False,False,,,,False,UNDER_SEGMENTATION_OR_MERGE,best_overlap_prediction_index=6
25,10,2,1,39,s000025-i000010-p000039,0.9588055610656738,0.6117581808097615,0.6117581808097615,0.50-0.75,True,True,False,True,,0.05786379471716084,5.064473058533105,True,SUCCESS,
25,10,3,1,7,s000025-i000010-p000007,0.9996147155761719,0.6552677029360967,0.6552677029360967,0.50-0.75,True,False,False,True,,0.026669312801021448,3.2952676723429795,True,SUCCESS,
25,10,4,1,4,s000025-i000010-p000004,0.9996745586395264,0.8513992905005913,0.8513992905005913,>=0.75,True,False,False,True,,0.07554008158994664,6.186812701309804,True,SUCCESS,
25,10,5,1,17,s000025-i000010-p000017,0.9981119632720947,0.8432029795158287,0.8432029795158287,>=0.75,True,False,False,True,,0.04951810926467356,4.292307264128898,True,SUCCESS,
25,10,6,1,12,s000025-i000010-p000012,0.9985670447349548,0.7821708317791869,0.7821708317791869,>=0.75,True,False,False,True,,0.07777923313655037,2.558996891468008,True,SUCCESS,
25,10,7,1,1,s000025-i000010-p000001,0.9998761415481567,0.6140939597315436,0.6140939597315436,0.50-0.75,True,False,False,True,,0.041278415476509005,3.984385881407718,True,SUCCESS,
25,10,8,1,2,s000025-i000010-p000002,0.9997743964195251,0.6768695652173913,0.6768695652173913,0.50-0.75,True,False,False,True,,0.08004563310013897,5.454896330283153,True,SUCCESS,
25,10,9,1,3,s000025-i000010-p000003,0.9997705817222595,0.6036997509782995,0.6036997509782995,0.50-0.75,True,False,False,True,,0.05078869910478696,4.796289358397467,True,SUCCESS,
25,10,10,1,36,s000025-i000010-p000036,0.9841061234474182,0.6322617033276932,0.6322617033276932,0.50-0.75,True,False,False,True,,0.06323112853160563,5.448141405892532,True,SUCCESS,
25,10,11,1,0,s000025-i000010-p000000,0.999889612197876,0.7741799831791422,0.7741799831791422,>=0.75,True,False,False,True,,0.09396750848359783,7.41521142017872,True,SUCCESS,
25,10,12,1,21,s000025-i000010-p000021,0.996569037437439,0.7753682487725041,0.7753682487725041,>=0.75,True,False,False,True,,0.05269708440306989,5.3162687379515425,True,SUCCESS,
25,10,13,1,33,s000025-i000010-p000033,0.9855284094810486,0.7777777777777778,0.7777777777777778,>=0.75,True,False,False,True,,1.0493373786833287,126.43040512226428,False,POSE_MSSD_AND_MSPD_FAILURE,
25,10,14,1,32,s000025-i000010-p000032,0.9855434894561768,0.6455399061032864,0.6455399061032864,0.50-0.75,True,False,False,True,,1.2162317086571248,117.9969715805382,False,POSE_MSSD_AND_MSPD_FAILURE,
25,10,15,1,26,s000025-i000010-p000026,0.9951813817024231,0.7363782051282052,0.7363782051282052,0.50-0.75,True,True,False,True,,1.1962591820017363,143.35180072566234,False,POSE_MSSD_AND_MSPD_FAILURE,
25,10,16,1,30,s000025-i000010-p000030,0.9888606667518616,0.7511944138184491,0.7511944138184491,>=0.75,True,False,False,True,,0.057173815135193234,3.8827256363001985,True,SUCCESS,
25,10,17,1,13,s000025-i000010-p000013,0.9985525012016296,0.673411430599929,0.673411430599929,0.50-0.75,True,False,False,True,,0.054594877820640146,2.9429460747130958,True,SUCCESS,
25,10,18,1,11,s000025-i000010-p000011,0.9988445043563843,0.6236670106639147,0.6236670106639147,0.50-0.75,True,False,False,True,,0.07196082233263129,5.118652357121875,True,SUCCESS,
25,10,19,1,18,s000025-i000010-p000018,0.9979625940322876,0.8385703063629222,0.8385703063629222,>=0.75,True,False,True,True,,0.07194170123015853,3.0499983395553505,True,SUCCESS,
25,10,20,1,5,s000025-i000010-p000005,0.9996645450592041,0.8540305010893247,0.8540305010893247,>=0.75,True,False,False,True,,0.07014040573585437,2.5558430214628913,True,SUCCESS,
25,10,21,1,19,s000025-i000010-p000019,0.9977849721908569,0.8145591465327895,0.8145591465327895,>=0.75,True,True,True,True,,0.04431972523836903,4.349476871175137,True,SUCCESS,
25,10,22,1,41,s000025-i000010-p000041,0.9215779304504395,0.6402291917973462,0.6402291917973462,0.50-0.75,True,False,False,True,,0.048283031771235704,3.6326961200515773,True,SUCCESS,
25,10,23,1,44,s000025-i000010-p000044,0.6076927781105042,0.7406542056074766,0.7406542056074766,0.50-0.75,True,False,False,True,,0.08089741619465941,5.979346534100204,True,SUCCESS,
25,10,24,1,,,,,0.13953488372093023,<0.50,False,False,False,False,,,,False,MASK_BOUNDARY_IOU_FAILURE,best_overlap_prediction_index=45
25,10,25,1,,,,,0.24734208880550343,<0.50,False,False,False,False,,,,False,MASK_BOUNDARY_IOU_FAILURE,best_overlap_prediction_index=24
25,10,26,1,37,s000025-i000010-p000037,0.9722639918327332,0.6825613079019074,0.6825613079019074,0.50-0.75,True,False,False,True,,0.06518972082753004,2.8941569737340913,True,SUCCESS,
25,10,27,1,10,s000025-i000010-p000010,0.9989808201789856,0.7878684030157642,0.7878684030157642,>=0.75,True,False,False,True,,0.06664782542623456,5.838327904474915,True,SUCCESS,
25,10,28,1,14,s000025-i000010-p000014,0.9985203146934509,0.6211531659002476,0.6211531659002476,0.50-0.75,True,False,False,True,,1.0561627376251594,136.6692169944277,False,POSE_MSSD_AND_MSPD_FAILURE,
25,10,29,1,25,s000025-i000010-p000025,0.9954551458358765,0.5531505531505532,0.5531505531505532,0.50-0.75,True,False,False,True,,0.1834532868512376,15.914118549709286,False,POSE_MSSD_AND_MSPD_FAILURE,
25,10,30,1,,,,,0.3173946756267769,<0.50,False,True,False,False,,,,False,UNDER_SEGMENTATION_OR_MERGE,best_overlap_prediction_index=47
25,10,31,1,15,s000025-i000010-p000015,0.9984748959541321,0.5818112633181126,0.5818112633181126,0.50-0.75,True,False,False,True,,0.20103954665610577,17.506791616741374,False,POSE_MSSD_AND_MSPD_FAILURE,
25,10,32,1,38,s000025-i000010-p000038,0.9677547812461853,0.7805440295066851,0.7805440295066851,>=0.75,True,False,False,True,,0.05993685363105653,5.3433986785795655,True,SUCCESS,
25,10,33,1,22,s000025-i000010-p000022,0.9964955449104309,0.654089861751152,0.654089861751152,0.50-0.75,True,True,False,True,,0.16568321052810944,14.267788753321684,False,POSE_MSSD_AND_MSPD_FAILURE,
25,10,34,1,,,,,0.2955834335796529,<0.50,False,True,False,False,,,,False,UNDER_SEGMENTATION_OR_MERGE,best_overlap_prediction_index=35
25,10,35,1,40,s000025-i000010-p000040,0.9500572085380554,0.7018920166128289,0.7018920166128289,0.50-0.75,True,False,False,True,,0.08105806031049274,7.941235294543204,True,SUCCESS,
25,10,36,1,,,,,0.09070796460176991,<0.50,False,False,False,False,,,,False,MASK_BOUNDARY_IOU_FAILURE,best_overlap_prediction_index=36
25,10,37,1,,,,,0.3711875405580792,<0.50,False,False,False,False,,,,False,MASK_BOUNDARY_IOU_FAILURE,best_overlap_prediction_index=24
25,10,38,1,20,s000025-i000010-p000020,0.9971240162849426,0.6497695852534562,0.6497695852534562,0.50-0.75,True,False,False,True,,1.1195945967009175,134.36359309873563,False,POSE_MSSD_AND_MSPD_FAILURE,
25,10,39,1,8,s000025-i000010-p000008,0.9996070265769958,0.7797894736842105,0.7797894736842105,>=0.75,True,False,False,True,,0.052231567362405015,5.703140748247218,True,SUCCESS,
25,10,40,1,27,s000025-i000010-p000027,0.9948012828826904,0.7212212212212212,0.7212212212212212,0.50-0.75,True,False,False,True,,0.3185090861570642,39.9411688189425,False,POSE_MSSD_AND_MSPD_FAILURE,
25,10,41,1,46,s000025-i000010-p000046,0.383478045463562,0.5953134895503484,0.5953134895503484,0.50-0.75,True,False,False,True,,0.4307000783798037,50.21414836005033,False,POSE_MSSD_AND_MSPD_FAILURE,
25,10,42,1,,,,,0.17698561601000626,<0.50,False,False,False,False,,,,False,MASK_BOUNDARY_IOU_FAILURE,best_overlap_prediction_index=9
25,10,43,1,,,,,0.11097178683385579,<0.50,False,False,False,False,,,,False,MASK_BOUNDARY_IOU_FAILURE,best_overlap_prediction_index=13
25,10,44,1,,,,,0.17002671848433326,<0.50,False,False,False,False,,,,False,MASK_BOUNDARY_IOU_FAILURE,best_overlap_prediction_index=1
25,10,45,1,29,s000025-i000010-p000029,0.9918909072875977,0.7861930294906166,0.7861930294906166,>=0.75,True,False,False,True,,1.2572576481120428,147.98871452611843,False,POSE_MSSD_AND_MSPD_FAILURE,
25,10,46,1,28,s000025-i000010-p000028,0.992531955242157,0.7196502057613169,0.7196502057613169,0.50-0.75,True,False,False,True,,0.16610155591118334,5.500551545924701,False,POSE_MSSD_ONLY_FAILURE,
25,10,47,1,,,,,0.023244062657908033,<0.50,False,False,False,False,,,,False,MASK_BOUNDARY_IOU_FAILURE,best_overlap_prediction_index=16
25,10,48,1,23,s000025-i000010-p000023,0.9957335591316223,0.7048300536672629,0.7048300536672629,0.50-0.75,True,False,False,True,,0.07033344967142402,6.074434428928184,True,SUCCESS,
25,10,49,1,,,,,0.05276292335115865,<0.50,False,False,False,False,,,,False,MASK_BOUNDARY_IOU_FAILURE,best_overlap_prediction_index=23
25,10,50,1,,,,,0.31102979613173026,<0.50,False,False,False,False,,,,False,MASK_BOUNDARY_IOU_FAILURE,best_overlap_prediction_index=45
25,10,51,1,,,,,0.14644621000644192,<0.50,False,True,False,False,,,,False,UNDER_SEGMENTATION_OR_MERGE,best_overlap_prediction_index=42
25,10,52,1,,,,,0.11592879963486992,<0.50,False,False,False,False,,,,False,MASK_BOUNDARY_IOU_FAILURE,best_overlap_prediction_index=45
25,10,53,1,9,s000025-i000010-p000009,0.9990932941436768,0.568870523415978,0.568870523415978,0.50-0.75,True,False,False,True,,0.11863202575424424,8.66764619983839,False,POSE_MSSD_ONLY_FAILURE,
25,10,54,1,34,s000025-i000010-p000034,0.9846842885017395,0.7118553960659224,0.7118553960659224,0.50-0.75,True,False,False,True,,0.8777488796906546,100.87990429931178,False,POSE_MSSD_AND_MSPD_FAILURE,
25,10,55,1,,,,,0.20861127956337175,<0.50,False,True,False,False,,,,False,UNDER_SEGMENTATION_OR_MERGE,best_overlap_prediction_index=6
25,10,56,1,,,,,0.3102716468590832,<0.50,False,True,False,False,,,,False,UNDER_SEGMENTATION_OR_MERGE,best_overlap_prediction_index=42
25,10,57,1,,,,,0.21098016671457315,<0.50,False,False,False,False,,,,False,MASK_BOUNDARY_IOU_FAILURE,best_overlap_prediction_index=43
25,10,58,1,,,,,0.10491637100861632,<0.50,False,False,False,False,,,,False,MASK_BOUNDARY_IOU_FAILURE,best_overlap_prediction_index=36
25,20,0,1,5,s000025-i000020-p000005,0.9996457099914551,0.7935192162773173,0.7935192162773173,>=0.75,True,False,False,True,,0.10693827593533838,7.718434866574169,False,POSE_MSSD_ONLY_FAILURE,
25,20,1,1,23,s000025-i000020-p000023,0.9977182149887085,0.7250625670361102,0.7250625670361102,0.50-0.75,True,False,False,True,,0.07446673502282893,7.24286339669745,True,SUCCESS,
25,20,2,1,25,s000025-i000020-p000025,0.9969087243080139,0.5766331658291457,0.5766331658291457,0.50-0.75,True,True,False,True,,0.05326776730255769,5.514892965573869,True,SUCCESS,
25,20,3,1,1,s000025-i000020-p000001,0.99983811378479,0.5172524991938084,0.5172524991938084,0.50-0.75,True,False,False,True,,0.033468883341253836,4.071800820647098,True,SUCCESS,
25,20,4,1,3,s000025-i000020-p000003,0.9997301697731018,0.7760714285714285,0.7760714285714285,>=0.75,True,False,False,True,,0.06286244522583502,5.280025647004154,True,SUCCESS,
25,20,5,1,6,s000025-i000020-p000006,0.9995301961898804,0.8280898876404494,0.8280898876404494,>=0.75,True,False,False,True,,0.8850970798296596,91.11245255545718,False,POSE_MSSD_AND_MSPD_FAILURE,
25,20,6,1,14,s000025-i000020-p000014,0.9991382360458374,0.6759816059426954,0.6759816059426954,0.50-0.75,True,False,False,True,,0.05235097364938436,4.684327310035147,True,SUCCESS,
25,20,7,1,7,s000025-i000020-p000007,0.9994634985923767,0.7771664374140302,0.7771664374140302,>=0.75,True,False,False,True,,0.05195181532215123,4.470447542233646,True,SUCCESS,
25,20,8,1,0,s000025-i000020-p000000,0.9998828172683716,0.6785714285714286,0.6785714285714286,0.50-0.75,True,False,False,True,,0.0688472734124349,2.856986841601193,True,SUCCESS,
25,20,9,1,2,s000025-i000020-p000002,0.9998015761375427,0.591684434968017,0.591684434968017,0.50-0.75,True,False,False,True,,0.06466596641520986,3.724035373784512,True,SUCCESS,
25,20,10,1,22,s000025-i000020-p000022,0.997795820236206,0.7816011235955056,0.7816011235955056,>=0.75,True,False,False,True,,0.06384881294464695,6.922131858100731,True,SUCCESS,
25,20,11,1,4,s000025-i000020-p000004,0.9997300505638123,0.695852534562212,0.695852534562212,0.50-0.75,True,False,False,True,,0.12309248051997929,8.252610574470157,False,POSE_MSSD_ONLY_FAILURE,
25,20,12,1,9,s000025-i000020-p000009,0.9992650151252747,0.6934760096651709,0.6934760096651709,0.50-0.75,True,False,False,True,,0.0639427769956922,6.127213215788743,True,SUCCESS,
25,20,13,1,35,s000025-i000020-p000035,0.9888474941253662,0.7520053475935828,0.7520053475935828,>=0.75,True,False,False,True,,0.06797725898129946,7.2938146046599694,True,SUCCESS,
25,20,14,1,27,s000025-i000020-p000027,0.9942157864570618,0.7094929470072436,0.7094929470072436,0.50-0.75,True,False,False,True,,0.06834137289826253,7.269075619555177,True,SUCCESS,
25,20,15,1,,,,,0.34681665868836764,<0.50,False,True,False,False,,,,False,UNDER_SEGMENTATION_OR_MERGE,best_overlap_prediction_index=25
25,20,16,1,17,s000025-i000020-p000017,0.9987913966178894,0.6964218455743879,0.6964218455743879,0.50-0.75,True,False,False,True,,0.05547981423968039,4.509802833684315,True,SUCCESS,
25,20,17,1,,,,,0.49248790425261013,<0.50,False,True,False,False,,,,False,UNDER_SEGMENTATION_OR_MERGE,best_overlap_prediction_index=28
25,20,18,1,11,s000025-i000020-p000011,0.9992017149925232,0.5578308684110732,0.5578308684110732,0.50-0.75,True,False,False,True,,0.09179841250523446,7.914169465966811,True,SUCCESS,
25,20,19,1,8,s000025-i000020-p000008,0.9994165897369385,0.5152483299448156,0.5152483299448156,0.50-0.75,True,True,False,True,,0.40500410499152484,48.21219360917968,False,POSE_MSSD_AND_MSPD_FAILURE,
25,20,20,1,10,s000025-i000020-p000010,0.9992508292198181,0.7608125819134993,0.7608125819134993,>=0.75,True,False,False,True,,0.08750209618408868,6.160431097815974,True,SUCCESS,
25,20,21,1,21,s000025-i000020-p000021,0.9982874989509583,0.6407477648333785,0.6407477648333785,0.50-0.75,True,True,False,True,,0.039991138945570937,3.7731011386572693,True,SUCCESS,
25,20,22,1,37,s000025-i000020-p000037,0.9657732844352722,0.6981740064446831,0.6981740064446831,0.50-0.75,True,False,False,True,,0.030514184196393766,3.4144104626776834,True,SUCCESS,
25,20,23,1,,,,,0.010486891385767791,<0.50,False,False,False,False,,,,False,MASK_BOUNDARY_IOU_FAILURE,best_overlap_prediction_index=6
25,20,24,1,,,,,0.3627674101046882,<0.50,False,True,False,False,,,,False,UNDER_SEGMENTATION_OR_MERGE,best_overlap_prediction_index=39
25,20,25,1,,,,,0.127134724857685,<0.50,False,False,False,False,,,,False,MASK_BOUNDARY_IOU_FAILURE,best_overlap_prediction_index=24
25,20,26,1,40,s000025-i000020-p000040,0.8235907554626465,0.6163934426229508,0.6163934426229508,0.50-0.75,True,False,False,True,,0.07377576715011619,4.428978900353027,True,SUCCESS,
25,20,27,1,33,s000025-i000020-p000033,0.9907282590866089,0.7186533837169358,0.7186533837169358,0.50-0.75,True,False,False,True,,0.07743634583704251,5.905379866986851,True,SUCCESS,
25,20,28,1,15,s000025-i000020-p000015,0.9991191029548645,0.6525668835864064,0.6525668835864064,0.50-0.75,True,False,False,True,,1.0389928636199874,131.15521189478835,False,POSE_MSSD_AND_MSPD_FAILURE,
25,20,29,1,18,s000025-i000020-p000018,0.9987140893936157,0.55,0.55,0.50-0.75,True,False,False,True,,0.3771958168218615,38.051832241086935,False,POSE_MSSD_AND_MSPD_FAILURE,
25,20,30,1,,,,,0.19663865546218487,<0.50,False,True,False,False,,,,False,UNDER_SEGMENTATION_OR_MERGE,best_overlap_prediction_index=21
25,20,31,1,,,,,0.47296206618240516,<0.50,False,False,False,False,,,,False,MASK_BOUNDARY_IOU_FAILURE,best_overlap_prediction_index=38
25,20,32,1,31,s000025-i000020-p000031,0.9919666647911072,0.7791072250345145,0.7791072250345145,>=0.75,True,False,False,True,,0.09875896564931498,6.848963323077355,True,SUCCESS,
25,20,33,1,32,s000025-i000020-p000032,0.9913012385368347,0.7433628318584071,0.7433628318584071,0.50-0.75,True,True,False,True,,1.2405889535341361,149.4378734387521,False,POSE_MSSD_AND_MSPD_FAILURE,
25,20,34,1,,,,,0.3451824134705332,<0.50,False,True,False,False,,,,False,UNDER_SEGMENTATION_OR_MERGE,best_overlap_prediction_index=42
25,20,35,1,,,,,0.020908199934661875,<0.50,False,False,False,False,,,,False,MASK_BOUNDARY_IOU_FAILURE,best_overlap_prediction_index=13
25,20,36,1,,,,,0.2584704743465634,<0.50,False,True,False,False,,,,False,UNDER_SEGMENTATION_OR_MERGE,best_overlap_prediction_index=8
25,20,37,1,24,s000025-i000020-p000024,0.997271716594696,0.5746478873239437,0.5746478873239437,0.50-0.75,True,False,False,True,,0.07609233594013515,5.108500611091224,True,SUCCESS,
25,20,38,1,26,s000025-i000020-p000026,0.9948664903640747,0.6880296610169492,0.6880296610169492,0.50-0.75,True,False,False,True,,0.3816138576687627,47.448967473494974,False,POSE_MSSD_AND_MSPD_FAILURE,
25,20,39,1,12,s000025-i000020-p000012,0.9991963505744934,0.7057692307692308,0.7057692307692308,0.50-0.75,True,False,False,True,,0.055612273810161046,6.350449025783145,True,SUCCESS,
25,20,40,1,29,s000025-i000020-p000029,0.9939957857131958,0.7452491011813046,0.7452491011813046,0.50-0.75,True,False,False,True,,0.0716213602526236,7.140593318322254,True,SUCCESS,
25,20,41,1,,,,,0.060474537037037035,<0.50,False,False,False,False,,,,False,MASK_BOUNDARY_IOU_FAILURE,best_overlap_prediction_index=1
25,20,42,1,,,,,0.1811465721040189,<0.50,False,False,False,False,,,,False,MASK_BOUNDARY_IOU_FAILURE,best_overlap_prediction_index=20
25,20,43,1,,,,,0.18888888888888888,<0.50,False,True,False,False,,,,False,UNDER_SEGMENTATION_OR_MERGE,best_overlap_prediction_index=28
25,20,44,1,13,s000025-i000020-p000013,0.9991886019706726,0.6811064718162839,0.6811064718162839,0.50-0.75,True,False,False,True,,1.1213725835163106,131.96062769530334,False,POSE_MSSD_AND_MSPD_FAILURE,
25,20,45,1,34,s000025-i000020-p000034,0.9895116686820984,0.72808701215611,0.72808701215611,0.50-0.75,True,False,False,True,,0.1442725993301673,14.328515706841163,False,POSE_MSSD_AND_MSPD_FAILURE,
25,20,46,1,16,s000025-i000020-p000016,0.9988288283348083,0.7348976535197205,0.7348976535197205,0.50-0.75,True,False,False,True,,0.9442965807393704,113.51162871630363,False,POSE_MSSD_AND_MSPD_FAILURE,
25,20,47,1,,,,,0.021920969137582926,<0.50,False,False,False,False,,,,False,MASK_BOUNDARY_IOU_FAILURE,best_overlap_prediction_index=5
25,20,48,1,19,s000025-i000020-p000019,0.9986013770103455,0.6245505906522856,0.6245505906522856,0.50-0.75,True,False,False,True,,0.11477640858005414,4.909603724325217,False,POSE_MSSD_ONLY_FAILURE,
25,20,49,1,,,,,0.05701294158796782,<0.50,False,False,False,False,,,,False,MASK_BOUNDARY_IOU_FAILURE,best_overlap_prediction_index=19
25,20,50,1,,,,,0.29041353383458646,<0.50,False,True,False,False,,,,False,UNDER_SEGMENTATION_OR_MERGE,best_overlap_prediction_index=39
25,20,51,1,,,,,0.197091124962897,<0.50,False,True,False,False,,,,False,UNDER_SEGMENTATION_OR_MERGE,best_overlap_prediction_index=30
25,20,52,1,,,,,0.013509267986176562,<0.50,False,False,False,False,,,,False,MASK_BOUNDARY_IOU_FAILURE,best_overlap_prediction_index=4
25,20,53,1,,,,,0.46511627906976744,<0.50,False,False,False,False,,,,False,MASK_BOUNDARY_IOU_FAILURE,best_overlap_prediction_index=20
25,20,54,1,36,s000025-i000020-p000036,0.9825006127357483,0.7241192411924119,0.7241192411924119,0.50-0.75,True,False,False,True,,0.101957321073273,8.42525358432024,False,POSE_MSSD_ONLY_FAILURE,
25,20,55,1,,,,,0.09254245631306916,<0.50,False,False,False,False,,,,False,MASK_BOUNDARY_IOU_FAILURE,best_overlap_prediction_index=30
25,20,56,1,,,,,0.338008800880088,<0.50,False,True,False,False,,,,False,UNDER_SEGMENTATION_OR_MERGE,best_overlap_prediction_index=30
25,20,57,1,,,,,0.07499287140005703,<0.50,False,False,False,False,,,,False,MASK_BOUNDARY_IOU_FAILURE,best_overlap_prediction_index=2
25,20,58,1,,,,,0.05557068918550804,<0.50,False,False,False,False,,,,False,MASK_BOUNDARY_IOU_FAILURE,best_overlap_prediction_index=22
25,30,0,1,5,s000025-i000030-p000005,0.9997027516365051,0.7984094052558783,0.7984094052558783,>=0.75,True,False,False,True,,0.07636640681280908,5.571630184143893,True,SUCCESS,
25,30,1,1,18,s000025-i000030-p000018,0.998386025428772,0.5045254119285217,0.5045254119285217,0.50-0.75,True,True,False,True,,0.7903426904611079,72.53118600529835,False,POSE_MSSD_AND_MSPD_FAILURE,
25,30,2,1,9,s000025-i000030-p000009,0.9995853304862976,0.6399268356414947,0.6399268356414947,0.50-0.75,True,True,False,True,,0.05807082057426567,5.200728901022077,True,SUCCESS,
25,30,3,1,3,s000025-i000030-p000003,0.9997361302375793,0.6520960229308491,0.6520960229308491,0.50-0.75,True,False,False,True,,0.03728680711004569,3.672496769761599,True,SUCCESS,
25,30,4,1,0,s000025-i000030-p000000,0.9998779296875,0.7831842576028623,0.7831842576028623,>=0.75,True,False,False,True,,0.03771238482887191,4.038009964945572,True,SUCCESS,
25,30,5,1,25,s000025-i000030-p000025,0.9966926574707031,0.7059015324421258,0.7059015324421258,0.50-0.75,True,False,False,True,,0.019180892779580794,1.7179229232982736,True,SUCCESS,
25,30,6,1,13,s000025-i000030-p000013,0.9989676475524902,0.7813492063492063,0.7813492063492063,>=0.75,True,False,False,True,,0.073131365769562,2.7020901078130417,True,SUCCESS,
25,30,7,1,7,s000025-i000030-p000007,0.9996901750564575,0.8473880597014926,0.8473880597014926,>=0.75,True,False,False,True,,0.052434182341316,5.584653779085594,True,SUCCESS,
25,30,8,1,1,s000025-i000030-p000001,0.9998738765716553,0.75,0.75,>=0.75,True,False,False,True,,0.08350064011322149,4.155046538399468,True,SUCCESS,
25,30,9,1,6,s000025-i000030-p000006,0.9996919631958008,0.6232434485377896,0.6232434485377896,0.50-0.75,True,False,False,True,,0.06168568950302745,4.613794613659169,True,SUCCESS,
25,30,10,1,21,s000025-i000030-p000021,0.9972962737083435,0.7907135541140321,0.7907135541140321,>=0.75,True,False,False,True,,0.04737771988505917,4.814202490366285,True,SUCCESS,
25,30,11,1,4,s000025-i000030-p000004,0.9997313618659973,0.793934965290464,0.793934965290464,>=0.75,True,False,False,True,,0.09069694811950434,3.913989548837097,True,SUCCESS,
25,30,12,1,10,s000025-i000030-p000010,0.9993473887443542,0.7520740268028079,0.7520740268028079,>=0.75,True,False,False,True,,0.06462842517769216,4.519604255728921,True,SUCCESS,
25,30,13,1,24,s000025-i000030-p000024,0.9969313144683838,0.814142910033321,0.814142910033321,>=0.75,True,False,False,True,,0.040012768320307944,4.515364117983855,True,SUCCESS,
25,30,14,1,31,s000025-i000030-p000031,0.9885790348052979,0.6757352941176471,0.6757352941176471,0.50-0.75,True,False,False,True,,0.039964951175587654,2.565446198898004,True,SUCCESS,
25,30,15,1,,,,,0.2637040378975863,<0.50,False,True,False,False,,,,False,UNDER_SEGMENTATION_OR_MERGE,best_overlap_prediction_index=9
25,30,16,1,,,,,0.4755026904559615,<0.50,False,True,False,False,,,,False,UNDER_SEGMENTATION_OR_MERGE,best_overlap_prediction_index=34
25,30,17,1,32,s000025-i000030-p000032,0.9857885241508484,0.6810084033613445,0.6810084033613445,0.50-0.75,True,False,False,True,,0.04952701990331012,3.270712577336671,True,SUCCESS,
25,30,18,1,11,s000025-i000030-p000011,0.9992638230323792,0.6053759252045189,0.6053759252045189,0.50-0.75,True,False,False,True,,0.04931516453692017,3.7880523603596643,True,SUCCESS,
25,30,19,1,,,,,0.48726467331118495,<0.50,False,True,False,False,,,,False,UNDER_SEGMENTATION_OR_MERGE,best_overlap_prediction_index=30
25,30,20,1,12,s000025-i000030-p000012,0.9990179538726807,0.7231227257691035,0.7231227257691035,0.50-0.75,True,False,False,True,,0.10293026344684861,4.932032387960757,False,POSE_MSSD_ONLY_FAILURE,
25,30,21,1,17,s000025-i000030-p000017,0.9987452030181885,0.6453608247422681,0.6453608247422681,0.50-0.75,True,False,False,True,,0.05892545257060802,5.316343111708618,True,SUCCESS,
25,30,22,1,,,,,0.26060993815312433,<0.50,False,True,False,False,,,,False,UNDER_SEGMENTATION_OR_MERGE,best_overlap_prediction_index=16
25,30,23,1,,,,,0.07091849298202413,<0.50,False,False,False,False,,,,False,MASK_BOUNDARY_IOU_FAILURE,best_overlap_prediction_index=25
25,30,24,1,42,s000025-i000030-p000042,0.5701677203178406,0.5120393120393121,0.5120393120393121,0.50-0.75,True,False,False,True,,1.043376083931913,120.30382920189346,False,POSE_MSSD_AND_MSPD_FAILURE,
25,30,25,1,,,,,0.0524987380111055,<0.50,False,False,False,False,,,,False,MASK_BOUNDARY_IOU_FAILURE,best_overlap_prediction_index=35
25,30,26,1,38,s000025-i000030-p000038,0.9707236886024475,0.7096114519427403,0.7096114519427403,0.50-0.75,True,False,False,True,,0.0747138035018069,4.832735774697158,True,SUCCESS,
25,30,27,1,27,s000025-i000030-p000027,0.9939332604408264,0.6764705882352942,0.6764705882352942,0.50-0.75,True,False,False,True,,0.07552713515576367,4.750970166717532,True,SUCCESS,
25,30,28,1,20,s000025-i000030-p000020,0.99809330701828,0.6855747558226897,0.6855747558226897,0.50-0.75,True,False,False,True,,1.062888593008557,131.02329362886076,False,POSE_MSSD_AND_MSPD_FAILURE,
25,30,29,1,,,,,0.4451540195341848,<0.50,False,False,False,False,,,,False,MASK_BOUNDARY_IOU_FAILURE,best_overlap_prediction_index=22
25,30,30,1,,,,,0.15396150962259436,<0.50,False,False,False,False,,,,False,MASK_BOUNDARY_IOU_FAILURE,best_overlap_prediction_index=17
25,30,31,1,,,,,0.28794823402534375,<0.50,False,True,False,False,,,,False,UNDER_SEGMENTATION_OR_MERGE,best_overlap_prediction_index=34
25,30,32,1,28,s000025-i000030-p000028,0.9936001300811768,0.7901969766376546,0.7901969766376546,>=0.75,True,False,False,True,,0.07153523045887164,5.41820942119811,True,SUCCESS,
25,30,33,1,16,s000025-i000030-p000016,0.998847246170044,0.5043616177636796,0.5043616177636796,0.50-0.75,True,True,False,True,,0.05751913801949765,2.9583063677481403,True,SUCCESS,
25,30,34,1,41,s000025-i000030-p000041,0.6629407405853271,0.5118323191345504,0.5118323191345504,0.50-0.75,True,True,False,True,,0.04157901470804433,3.803616461549853,True,SUCCESS,
25,30,35,1,,,,,0.02221516978736909,<0.50,False,False,False,False,,,,False,MASK_BOUNDARY_IOU_FAILURE,best_overlap_prediction_index=2
25,30,36,1,,,,,0.29099415204678364,<0.50,False,True,False,False,,,,False,UNDER_SEGMENTATION_OR_MERGE,best_overlap_prediction_index=30
25,30,37,1,35,s000025-i000030-p000035,0.9799266457557678,0.6786110084964906,0.6786110084964906,0.50-0.75,True,False,False,True,,0.04518292011744532,4.13552468376469,True,SUCCESS,
25,30,38,1,23,s000025-i000030-p000023,0.9969905614852905,0.726625533934504,0.726625533934504,0.50-0.75,True,False,False,True,,0.3797899215269044,45.443322257161334,False,POSE_MSSD_AND_MSPD_FAILURE,
25,30,39,1,8,s000025-i000030-p000008,0.9996658563613892,0.7243816254416962,0.7243816254416962,0.50-0.75,True,False,False,True,,0.07824210907459317,5.051385679114127,True,SUCCESS,
25,30,40,1,26,s000025-i000030-p000026,0.9965240359306335,0.7633069082672707,0.7633069082672707,>=0.75,True,False,False,True,,0.12628233531806177,7.318252608427736,False,POSE_MSSD_ONLY_FAILURE,
25,30,41,1,,,,,0.040353460972017675,<0.50,False,False,False,False,,,,False,MASK_BOUNDARY_IOU_FAILURE,best_overlap_prediction_index=3
25,30,42,1,37,s000025-i000030-p000037,0.9713025689125061,0.5017528483786152,0.5017528483786152,0.50-0.75,True,False,False,True,,0.38734572822338215,45.07404014584468,False,POSE_MSSD_AND_MSPD_FAILURE,
25,30,43,1,,,,,0.09219486642221059,<0.50,False,False,False,False,,,,False,MASK_BOUNDARY_IOU_FAILURE,best_overlap_prediction_index=32
25,30,44,1,2,s000025-i000030-p000002,0.9998503923416138,0.6918429003021148,0.6918429003021148,0.50-0.75,True,False,False,True,,0.03147652034854551,3.5573888657785484,True,SUCCESS,
25,30,45,1,36,s000025-i000030-p000036,0.9772218465805054,0.8603916614024005,0.8603916614024005,>=0.75,True,False,False,True,,0.04708903429737371,3.4802932931079793,True,SUCCESS,
25,30,46,1,19,s000025-i000030-p000019,0.9982225298881531,0.6995029371893358,0.6995029371893358,0.50-0.75,True,False,False,True,,0.09317040687908602,4.7805632598495995,True,SUCCESS,
25,30,47,1,,,,,0.0346433770014556,<0.50,False,False,False,False,,,,False,MASK_BOUNDARY_IOU_FAILURE,best_overlap_prediction_index=22
25,30,48,1,15,s000025-i000030-p000015,0.998913049697876,0.6217616580310881,0.6217616580310881,0.50-0.75,True,False,False,True,,0.07963184132732685,5.778876833563393,True,SUCCESS,
25,30,49,1,,,,,0.052115059221658204,<0.50,False,False,False,False,,,,False,MASK_BOUNDARY_IOU_FAILURE,best_overlap_prediction_index=15
25,30,50,1,33,s000025-i000030-p000033,0.9824799299240112,0.5812574139976275,0.5812574139976275,0.50-0.75,True,False,False,True,,0.059139740527509595,4.00420852890972,True,SUCCESS,
25,30,51,1,,,,,0.27349367716340195,<0.50,False,True,False,False,,,,False,UNDER_SEGMENTATION_OR_MERGE,best_overlap_prediction_index=39
25,30,52,1,,,,,0.01609118337244385,<0.50,False,False,False,False,,,,False,MASK_BOUNDARY_IOU_FAILURE,best_overlap_prediction_index=29
25,30,53,1,14,s000025-i000030-p000014,0.9989545345306396,0.689002557544757,0.689002557544757,0.50-0.75,True,False,False,True,,0.01597250858145617,1.3832900009767823,True,SUCCESS,
25,30,54,1,29,s000025-i000030-p000029,0.9929131865501404,0.7923990498812351,0.7923990498812351,>=0.75,True,False,False,True,,0.0949431098193226,8.269418013426229,True,SUCCESS,
25,30,55,1,,,,,0.27656178750569993,<0.50,False,True,False,False,,,,False,UNDER_SEGMENTATION_OR_MERGE,best_overlap_prediction_index=18
25,30,56,1,,,,,0.418212478920742,<0.50,False,True,False,False,,,,False,UNDER_SEGMENTATION_OR_MERGE,best_overlap_prediction_index=39
25,30,57,1,,,,,0.05415055043141922,<0.50,False,False,False,False,,,,False,MASK_BOUNDARY_IOU_FAILURE,best_overlap_prediction_index=6
25,30,58,1,,,,,0.07959793534365661,<0.50,False,False,False,False,,,,False,MASK_BOUNDARY_IOU_FAILURE,best_overlap_prediction_index=21
25,40,0,1,8,s000025-i000040-p000008,0.9993758797645569,0.8181818181818182,0.8181818181818182,>=0.75,True,False,False,True,,0.050456624339143614,3.2885146458233723,True,SUCCESS,
25,40,1,1,7,s000025-i000040-p000007,0.9994044303894043,0.5170128148475475,0.5170128148475475,0.50-0.75,True,True,False,True,,0.5503447080018312,62.75134989967332,False,POSE_MSSD_AND_MSPD_FAILURE,
25,40,2,1,37,s000025-i000040-p000037,0.964419424533844,0.6516250335750738,0.6516250335750738,0.50-0.75,True,True,False,True,,0.44332715080179785,48.41136291468898,False,POSE_MSSD_AND_MSPD_FAILURE,
25,40,3,1,5,s000025-i000040-p000005,0.9994787573814392,0.8636548636548637,0.8636548636548637,>=0.75,True,False,True,True,,0.01553412936936891,0.7383841240253447,True,SUCCESS,
25,40,4,1,2,s000025-i000040-p000002,0.999869704246521,0.8317054845980466,0.8317054845980466,>=0.75,True,False,False,True,,0.04706004162693486,2.6447914693984025,True,SUCCESS,
25,40,5,1,19,s000025-i000040-p000019,0.9978420734405518,0.8692786525082388,0.8692786525082388,>=0.75,True,False,False,True,,0.02996070128947837,1.1982031499548254,True,SUCCESS,
25,40,6,1,9,s000025-i000040-p000009,0.9992884397506714,0.8557004627681952,0.8557004627681952,>=0.75,True,False,False,True,,0.08131632927058877,1.4419770309563482,True,SUCCESS,
25,40,7,1,0,s000025-i000040-p000000,0.9999344348907471,0.8473341004986574,0.8473341004986574,>=0.75,True,False,False,True,,0.04560552334088147,3.230758072175347,True,SUCCESS,
25,40,8,1,4,s000025-i000040-p000004,0.9997386336326599,0.842327150084317,0.842327150084317,>=0.75,True,False,False,True,,0.08036471785353588,3.9512684505705513,True,SUCCESS,
25,40,9,1,3,s000025-i000040-p000003,0.9998422861099243,0.6363293051359517,0.6363293051359517,0.50-0.75,True,False,False,True,,0.05522078730893271,3.4583410479902534,True,SUCCESS,
25,40,10,1,29,s000025-i000040-p000029,0.9938167929649353,0.788787023977433,0.788787023977433,>=0.75,True,False,True,True,,0.059072658035099763,2.761464800630736,True,SUCCESS,
25,40,11,1,1,s000025-i000040-p000001,0.9999297857284546,0.864804469273743,0.864804469273743,>=0.75,True,False,False,True,,0.0773304096039686,2.1808880681365315,True,SUCCESS,
25,40,12,1,11,s000025-i000040-p000011,0.9990828037261963,0.8541513592946363,0.8541513592946363,>=0.75,True,False,False,True,,0.055073493611128586,3.288516064643132,True,SUCCESS,
25,40,13,1,22,s000025-i000040-p000022,0.99777752161026,0.7960426179604262,0.7960426179604262,>=0.75,True,False,True,True,,1.0239285937089384,120.59799210321417,False,POSE_MSSD_AND_MSPD_FAILURE,
25,40,14,1,25,s000025-i000040-p000025,0.9954923391342163,0.6695884146341463,0.6695884146341463,0.50-0.75,True,False,False,True,,1.1420505213283692,122.66525055773366,False,POSE_MSSD_AND_MSPD_FAILURE,
25,40,15,1,,,,,0.37335565654149727,<0.50,False,True,False,False,,,,False,UNDER_SEGMENTATION_OR_MERGE,best_overlap_prediction_index=41
25,40,16,1,,,,,0.49638336347197104,<0.50,False,True,False,False,,,,False,UNDER_SEGMENTATION_OR_MERGE,best_overlap_prediction_index=30
25,40,17,1,13,s000025-i000040-p000013,0.9985577464103699,0.56720741599073,0.56720741599073,0.50-0.75,True,True,False,True,,1.2023178087669693,102.12989034506339,False,POSE_MSSD_AND_MSPD_FAILURE,
25,40,18,1,16,s000025-i000040-p000016,0.9983500242233276,0.6589805825242718,0.6589805825242718,0.50-0.75,True,False,False,True,,0.06056334249773989,2.93572606953615,True,SUCCESS,
25,40,19,1,23,s000025-i000040-p000023,0.9977415800094604,0.8111946532999165,0.8111946532999165,>=0.75,True,False,False,True,,1.0116663612821195,122.68082244054828,False,POSE_MSSD_AND_MSPD_FAILURE,
25,40,20,1,36,s000025-i000040-p000036,0.9788788557052612,0.8374193548387097,0.8374193548387097,>=0.75,True,False,False,True,,0.08365022049829467,3.0750146366798763,True,SUCCESS,
25,40,21,1,12,s000025-i000040-p000012,0.999022364616394,0.7651271034729681,0.7651271034729681,>=0.75,True,False,False,True,,0.05311208771624757,5.366751875596502,True,SUCCESS,
25,40,22,1,,,,,0.430160937810451,<0.50,False,True,False,False,,,,False,UNDER_SEGMENTATION_OR_MERGE,best_overlap_prediction_index=15
25,40,23,1,46,s000025-i000040-p000046,0.3668522536754608,0.7154942119323241,0.7154942119323241,0.50-0.75,True,False,False,True,,1.1198098221911488,142.8257408403193,False,POSE_MSSD_AND_MSPD_FAILURE,
25,40,24,1,,,,,0.01624272142200429,<0.50,False,False,False,False,,,,False,MASK_BOUNDARY_IOU_FAILURE,best_overlap_prediction_index=18
25,40,25,1,,,,,0.06761051719156314,<0.50,False,False,False,False,,,,False,MASK_BOUNDARY_IOU_FAILURE,best_overlap_prediction_index=17
25,40,26,1,26,s000025-i000040-p000026,0.9950627684593201,0.6956521739130435,0.6956521739130435,0.50-0.75,True,False,False,True,,0.09384449528216382,3.7624534160248833,True,SUCCESS,
25,40,27,1,14,s000025-i000040-p000014,0.998455286026001,0.7217221135029355,0.7217221135029355,0.50-0.75,True,False,False,True,,0.0879888190070659,5.073897299330105,True,SUCCESS,
25,40,28,1,28,s000025-i000040-p000028,0.9939106702804565,0.7272368939692551,0.7272368939692551,0.50-0.75,True,False,False,True,,1.052372370856874,126.38958574607712,False,POSE_MSSD_AND_MSPD_FAILURE,
25,40,29,1,21,s000025-i000040-p000021,0.9978052973747253,0.7191245440333507,0.7191245440333507,0.50-0.75,True,False,False,True,,0.3443434621800047,39.32867172168937,False,POSE_MSSD_AND_MSPD_FAILURE,
25,40,30,1,,,,,0.05320735952262556,<0.50,False,False,False,False,,,,False,MASK_BOUNDARY_IOU_FAILURE,best_overlap_prediction_index=12
25,40,31,1,,,,,0.34815756035578144,<0.50,False,True,False,False,,,,False,UNDER_SEGMENTATION_OR_MERGE,best_overlap_prediction_index=47
25,40,32,1,34,s000025-i000040-p000034,0.9870089888572693,0.8046272493573264,0.8046272493573264,>=0.75,True,False,False,True,,0.057383351646201494,4.921158088488254,True,SUCCESS,
25,40,33,1,,,,,0.38656299840510366,<0.50,False,True,False,False,,,,False,UNDER_SEGMENTATION_OR_MERGE,best_overlap_prediction_index=15
25,40,34,1,,,,,0.4737929253808417,<0.50,False,True,False,False,,,,False,UNDER_SEGMENTATION_OR_MERGE,best_overlap_prediction_index=41
25,40,35,1,,,,,0.009513239257967338,<0.50,False,False,False,False,,,,False,MASK_BOUNDARY_IOU_FAILURE,best_overlap_prediction_index=15
25,40,36,1,,,,,0.1202238987588221,<0.50,False,False,False,False,,,,False,MASK_BOUNDARY_IOU_FAILURE,best_overlap_prediction_index=39
25,40,37,1,17,s000025-i000040-p000017,0.9982054233551025,0.7374085234610418,0.7374085234610418,0.50-0.75,True,False,False,True,,0.05737335139522316,3.0701335047751552,True,SUCCESS,
25,40,38,1,20,s000025-i000040-p000020,0.9978078007698059,0.7234886025768087,0.7234886025768087,0.50-0.75,True,False,False,True,,1.1146179644008123,130.54090244002754,False,POSE_MSSD_AND_MSPD_FAILURE,
25,40,39,1,6,s000025-i000040-p000006,0.9994243383407593,0.8157193605683837,0.8157193605683837,>=0.75,True,False,False,True,,0.07803017866845134,3.210040146458818,True,SUCCESS,
25,40,40,1,24,s000025-i000040-p000024,0.9969737529754639,0.7941919191919192,0.7941919191919192,>=0.75,True,False,False,True,,0.9503526747937054,108.96273760401105,False,POSE_MSSD_AND_MSPD_FAILURE,
25,40,41,1,,,,,0.026746506986027943,<0.50,False,False,False,False,,,,False,MASK_BOUNDARY_IOU_FAILURE,best_overlap_prediction_index=24
25,40,42,1,38,s000025-i000040-p000038,0.949655294418335,0.6186440677966102,0.6186440677966102,0.50-0.75,True,False,False,True,,0.38104970321516596,44.39328261924315,False,POSE_MSSD_AND_MSPD_FAILURE,
25,40,43,1,,,,,0.28407755581668626,<0.50,False,True,False,False,,,,False,UNDER_SEGMENTATION_OR_MERGE,best_overlap_prediction_index=13
25,40,44,1,10,s000025-i000040-p000010,0.9990942478179932,0.7395192845164896,0.7395192845164896,0.50-0.75,True,False,False,True,,0.11493325431429789,5.218264153381452,False,POSE_MSSD_ONLY_FAILURE,
25,40,45,1,31,s000025-i000040-p000031,0.9933950304985046,0.8242280285035629,0.8242280285035629,>=0.75,True,False,False,True,,0.7359879366341918,64.71393786324586,False,POSE_MSSD_AND_MSPD_FAILURE,
25,40,46,1,27,s000025-i000040-p000027,0.9949237704277039,0.7050495516753186,0.7050495516753186,0.50-0.75,True,False,False,True,,0.11149110463584762,4.414093408140151,False,POSE_MSSD_ONLY_FAILURE,
25,40,47,1,,,,,0.1537009063444109,<0.50,False,False,False,False,,,,False,MASK_BOUNDARY_IOU_FAILURE,best_overlap_prediction_index=42
25,40,48,1,32,s000025-i000040-p000032,0.9914281964302063,0.6960659898477157,0.6960659898477157,0.50-0.75,True,False,False,True,,0.06103557548339385,4.095952187913964,True,SUCCESS,
25,40,49,1,,,,,0.07083333333333333,<0.50,False,False,False,False,,,,False,MASK_BOUNDARY_IOU_FAILURE,best_overlap_prediction_index=32
25,40,50,1,18,s000025-i000040-p000018,0.9981992840766907,0.7023311416616856,0.7023311416616856,0.50-0.75,True,False,False,True,,0.05180775739714032,3.4831140436456844,True,SUCCESS,
25,40,51,1,,,,,0.23700980392156862,<0.50,False,True,False,False,,,,False,UNDER_SEGMENTATION_OR_MERGE,best_overlap_prediction_index=45
25,40,52,1,,,,,0.03300224287087472,<0.50,False,False,False,False,,,,False,MASK_BOUNDARY_IOU_FAILURE,best_overlap_prediction_index=33
25,40,53,1,35,s000025-i000040-p000035,0.9804347157478333,0.6932642487046632,0.6932642487046632,0.50-0.75,True,False,False,True,,0.5881683379637328,36.05029048046056,False,POSE_MSSD_AND_MSPD_FAILURE,
25,40,54,1,33,s000025-i000040-p000033,0.9898602366447449,0.7894736842105263,0.7894736842105263,>=0.75,True,False,False,True,,0.06234288124156575,3.2348017120158516,True,SUCCESS,
25,40,55,1,,,,,0.3008558262014483,<0.50,False,True,False,False,,,,False,UNDER_SEGMENTATION_OR_MERGE,best_overlap_prediction_index=7
25,40,56,1,,,,,0.45424588086185047,<0.50,False,True,False,False,,,,False,UNDER_SEGMENTATION_OR_MERGE,best_overlap_prediction_index=45
25,40,57,1,,,,,0.07632445375636038,<0.50,False,False,False,False,,,,False,MASK_BOUNDARY_IOU_FAILURE,best_overlap_prediction_index=3
25,40,58,1,,,,,0.09830205540661305,<0.50,False,False,False,False,,,,False,MASK_BOUNDARY_IOU_FAILURE,best_overlap_prediction_index=29
30,0,0,5,3,s000030-i000000-p000003,0.9994004964828491,0.7981992017079736,0.7981992017079736,>=0.75,True,False,True,True,,0.055054113771806745,2.003131161402971,True,SUCCESS,
30,0,1,5,14,s000030-i000000-p000014,0.9984473586082458,0.6806876790830946,0.6806876790830946,0.50-0.75,True,False,False,True,,0.03930439969252008,4.738645556008763,True,SUCCESS,
30,0,2,5,16,s000030-i000000-p000016,0.9970877766609192,0.6855324074074074,0.6855324074074074,0.50-0.75,True,False,False,True,,0.0396073486978065,3.604484282759163,True,SUCCESS,
30,0,3,5,12,s000030-i000000-p000012,0.9990586638450623,0.7899351429257747,0.7899351429257747,>=0.75,True,False,True,True,,0.03405554357052338,3.6083460649826784,True,SUCCESS,
30,0,4,5,13,s000030-i000000-p000013,0.9989145994186401,0.7976190476190477,0.7976190476190477,>=0.75,True,False,False,True,,0.7553658463704038,86.98393914904022,False,POSE_MSSD_AND_MSPD_FAILURE,
30,0,5,5,21,s000030-i000000-p000021,0.9881379008293152,0.6898580121703854,0.6898580121703854,0.50-0.75,True,False,False,True,,0.03944577255059095,4.270181745435978,True,SUCCESS,
30,0,6,5,0,s000030-i000000-p000000,0.9997854828834534,0.7827613727055068,0.7827613727055068,>=0.75,True,False,False,True,,0.041061465658860166,4.514655239269683,True,SUCCESS,
30,0,7,5,19,s000030-i000000-p000019,0.9941105246543884,0.7313483336152935,0.7313483336152935,0.50-0.75,True,False,False,True,,0.10826807096471695,9.896793891633989,False,POSE_MSSD_ONLY_FAILURE,
30,0,8,5,5,s000030-i000000-p000005,0.999301552772522,0.813677158387056,0.813677158387056,>=0.75,True,False,False,True,,0.038214964796906795,4.70164586289518,True,SUCCESS,
30,0,9,5,8,s000030-i000000-p000008,0.9992057681083679,0.5386078356789654,0.5386078356789654,0.50-0.75,True,False,False,True,,0.049461559476200616,5.4433926801301515,True,SUCCESS,
30,0,10,5,4,s000030-i000000-p000004,0.9993703961372375,0.5946462715105163,0.5946462715105163,0.50-0.75,True,False,True,True,,0.039603481500830845,3.3865955869231525,True,SUCCESS,
30,0,11,5,1,s000030-i000000-p000001,0.9994663596153259,0.827945205479452,0.827945205479452,>=0.75,True,False,False,True,,0.03722125965366251,4.077221395954629,True,SUCCESS,
30,0,12,5,6,s000030-i000000-p000006,0.999275267124176,0.8306159420289855,0.8306159420289855,>=0.75,True,False,False,True,,0.05022666933543218,5.246325384083591,True,SUCCESS,
30,0,13,5,11,s000030-i000000-p000011,0.9991822838783264,0.6895982922569377,0.6895982922569377,0.50-0.75,True,False,True,True,,0.0164260759400972,2.2162685969887925,True,SUCCESS,
30,0,14,5,18,s000030-i000000-p000018,0.9947168231010437,0.7342044326827655,0.7342044326827655,0.50-0.75,True,False,False,True,,0.03830493988267733,2.35541767926379,True,SUCCESS,
30,0,15,5,2,s000030-i000000-p000002,0.9994575381278992,0.8333545512412476,0.8333545512412476,>=0.75,True,False,False,True,,0.0343748633174734,3.9608396866024402,True,SUCCESS,
30,0,16,5,9,s000030-i000000-p000009,0.9992033839225769,0.8081272084805654,0.8081272084805654,>=0.75,True,False,False,True,,0.0666355618585585,4.256881480632937,True,SUCCESS,
30,0,17,5,22,s000030-i000000-p000022,0.9641343355178833,0.7551982851018221,0.7551982851018221,>=0.75,True,False,False,True,,0.5204071322184023,64.95934903013112,False,POSE_MSSD_AND_MSPD_FAILURE,
30,0,18,5,7,s000030-i000000-p000007,0.9992246627807617,0.7611760453066635,0.7611760453066635,>=0.75,True,False,False,True,,0.03829420346155632,4.151716434222015,True,SUCCESS,
30,0,19,5,10,s000030-i000000-p000010,0.9991900324821472,0.6362047440699126,0.6362047440699126,0.50-0.75,True,False,False,True,,0.050589631401845296,3.174110676265681,True,SUCCESS,
30,0,20,5,15,s000030-i000000-p000015,0.9981898665428162,0.5777808560742486,0.5777808560742486,0.50-0.75,True,False,False,True,,0.05158075364978459,6.358960745842817,True,SUCCESS,
30,10,0,5,0,s000030-i000010-p000000,0.9997772574424744,0.7855153203342619,0.7855153203342619,>=0.75,True,False,True,True,,0.0403564748813128,4.165636475069119,True,SUCCESS,
30,10,1,5,15,s000030-i000010-p000015,0.9960511326789856,0.6587125416204217,0.6587125416204217,0.50-0.75,True,False,True,True,,0.04474330277231633,4.965724698288437,True,SUCCESS,
30,10,2,5,12,s000030-i000010-p000012,0.9970308542251587,0.62094317823758,0.62094317823758,0.50-0.75,True,False,False,True,,0.050124138136859155,2.730168252547326,True,SUCCESS,
30,10,3,5,3,s000030-i000010-p000003,0.9995772242546082,0.7116003738705993,0.7116003738705993,0.50-0.75,True,False,True,True,,0.03343648289466949,3.578496495602326,True,SUCCESS,
30,10,4,5,9,s000030-i000010-p000009,0.9980378746986389,0.7205240174672489,0.7205240174672489,0.50-0.75,True,False,False,True,,0.14667788818293004,13.232774078403816,False,POSE_MSSD_AND_MSPD_FAILURE,
30,10,5,5,20,s000030-i000010-p000020,0.9902291893959045,0.5968134543040495,0.5968134543040495,0.50-0.75,True,False,False,True,,0.6288254673546312,76.61382631767307,False,POSE_MSSD_AND_MSPD_FAILURE,
30,10,6,5,14,s000030-i000010-p000014,0.996630847454071,0.7942376950780312,0.7942376950780312,>=0.75,True,False,False,True,,0.163615042034142,17.829997910696665,False,POSE_MSSD_AND_MSPD_FAILURE,
30,10,7,5,23,s000030-i000010-p000023,0.9738865494728088,0.6765315739868049,0.6765315739868049,0.50-0.75,True,False,False,True,,0.05444347400147133,5.106138177384069,True,SUCCESS,
30,10,8,5,2,s000030-i000010-p000002,0.9996185302734375,0.8669489636728326,0.8669489636728326,>=0.75,True,False,False,True,,0.07812859781279896,4.599090728832791,True,SUCCESS,
30,10,9,5,18,s000030-i000010-p000018,0.9922828078269958,0.710076473234368,0.710076473234368,0.50-0.75,True,False,False,True,,0.04609560864850403,5.1834008730392584,True,SUCCESS,
30,10,10,5,1,s000030-i000010-p000001,0.9996715784072876,0.6342406876790831,0.6342406876790831,0.50-0.75,True,False,True,True,,0.03704400421333665,4.9319853670314275,True,SUCCESS,
30,10,11,5,13,s000030-i000010-p000013,0.9967149496078491,0.8115660308589479,0.8115660308589479,>=0.75,True,False,False,True,,0.04107786693779178,3.945277672408522,True,SUCCESS,
30,10,12,5,4,s000030-i000010-p000004,0.9993983507156372,0.8727598566308243,0.8727598566308243,>=0.75,True,False,False,True,,0.04111044427749528,3.9106229215049337,True,SUCCESS,
30,10,13,5,10,s000030-i000010-p000010,0.9980294108390808,0.6649329634766528,0.6649329634766528,0.50-0.75,True,False,True,True,,0.04978792948722784,3.4907834302318332,True,SUCCESS,
30,10,14,5,16,s000030-i000010-p000016,0.9924105405807495,0.7420482930890924,0.7420482930890924,0.50-0.75,True,False,False,True,,0.09598471965385699,10.014645088264121,False,POSE_MSPD_ONLY_FAILURE,
30,10,15,5,5,s000030-i000010-p000005,0.9993407130241394,0.8088445078459344,0.8088445078459344,>=0.75,True,False,False,True,,0.03632881845849948,3.084787590080878,True,SUCCESS,
30,10,16,5,8,s000030-i000010-p000008,0.9984254837036133,0.8145142038672715,0.8145142038672715,>=0.75,True,False,False,True,,0.03484239261862923,2.777961053686937,True,SUCCESS,
30,10,17,5,24,s000030-i000010-p000024,0.9017772674560547,0.7562189054726368,0.7562189054726368,>=0.75,True,False,False,True,,0.048098831262074745,4.899368350937056,True,SUCCESS,
30,10,18,5,7,s000030-i000010-p000007,0.998944103717804,0.6628133102852204,0.6628133102852204,0.50-0.75,True,False,False,True,,0.05432456631142124,4.332310900808358,True,SUCCESS,
30,10,19,5,6,s000030-i000010-p000006,0.9991137385368347,0.6349853484520321,0.6349853484520321,0.50-0.75,True,False,False,True,,0.04102162005386495,3.9614323079079465,True,SUCCESS,
30,10,20,5,21,s000030-i000010-p000021,0.9899231791496277,0.5380861077218059,0.5380861077218059,0.50-0.75,True,False,True,True,,0.038184723659014805,5.005213174657923,True,SUCCESS,
30,20,0,5,2,s000030-i000020-p000002,0.9996836185455322,0.7353933769246994,0.7353933769246994,0.50-0.75,True,False,False,True,,0.039324744070045235,4.582701508925206,True,SUCCESS,
30,20,1,5,11,s000030-i000020-p000011,0.9980565905570984,0.7073115860517435,0.7073115860517435,0.50-0.75,True,False,False,True,,0.039246772833404185,4.332290599741243,True,SUCCESS,
30,20,2,5,9,s000030-i000020-p000009,0.9985361099243164,0.7583110636023517,0.7583110636023517,>=0.75,True,False,False,True,,0.05979854578811928,4.367748230907048,True,SUCCESS,
30,20,3,5,0,s000030-i000020-p000000,0.9997115731239319,0.6126327557294577,0.6126327557294577,0.50-0.75,True,False,False,True,,0.03819402300862028,5.057808002848761,True,SUCCESS,
30,20,4,5,7,s000030-i000020-p000007,0.9985736608505249,0.7592592592592593,0.7592592592592593,>=0.75,True,False,False,True,,0.06091799472176891,6.989210919453034,True,SUCCESS,
30,20,5,5,13,s000030-i000020-p000013,0.9971733093261719,0.680835734870317,0.680835734870317,0.50-0.75,True,False,False,True,,0.4077149928581531,45.18107444308645,False,POSE_MSSD_AND_MSPD_FAILURE,
30,20,6,5,6,s000030-i000020-p000006,0.9985902905464172,0.7213779128672746,0.7213779128672746,0.50-0.75,True,False,False,True,,0.7129738735502258,85.00475071160128,False,POSE_MSSD_AND_MSPD_FAILURE,
30,20,7,5,19,s000030-i000020-p000019,0.9893019795417786,0.6529363110008272,0.6529363110008272,0.50-0.75,True,False,False,True,,0.04618537928485485,4.5915237021882325,True,SUCCESS,
30,20,8,5,1,s000030-i000020-p000001,0.9996867179870605,0.8083377308707124,0.8083377308707124,>=0.75,True,False,False,True,,0.048829242614079234,4.686682016950555,True,SUCCESS,
30,20,9,5,21,s000030-i000020-p000021,0.9809215664863586,0.6057824690224873,0.6057824690224873,0.50-0.75,True,False,False,True,,0.3376302556698321,36.64034314827222,False,POSE_MSSD_AND_MSPD_FAILURE,
30,20,10,5,3,s000030-i000020-p000003,0.9996452331542969,0.5720751611575916,0.5720751611575916,0.50-0.75,True,False,False,True,,0.045286942078379334,5.9061140284334614,True,SUCCESS,
30,20,11,5,14,s000030-i000020-p000014,0.9971217513084412,0.8575508746876116,0.8575508746876116,>=0.75,True,False,False,True,,0.04711916360160794,4.296973087885282,True,SUCCESS,
30,20,12,5,4,s000030-i000020-p000004,0.9992928504943848,0.8505864935656531,0.8505864935656531,>=0.75,True,False,False,True,,0.0572640893014315,4.660764188880187,True,SUCCESS,
30,20,13,5,,,,,0.4742593811718236,<0.50,False,False,False,False,,,,False,MASK_BOUNDARY_IOU_FAILURE,best_overlap_prediction_index=18
30,20,14,5,15,s000030-i000020-p000015,0.9966237545013428,0.6770974289580515,0.6770974289580515,0.50-0.75,True,False,False,True,,0.09205006931826913,10.999931329883788,False,POSE_MSPD_ONLY_FAILURE,
30,20,15,5,5,s000030-i000020-p000005,0.9992097616195679,0.8300094966761633,0.8300094966761633,>=0.75,True,False,False,True,,0.034790942013355405,4.053244483004354,True,SUCCESS,
30,20,16,5,12,s000030-i000020-p000012,0.9976354837417603,0.6173813607775872,0.6173813607775872,0.50-0.75,True,False,True,True,,0.05330930431060251,4.8807507847570495,True,SUCCESS,
30,20,17,5,24,s000030-i000020-p000024,0.8540154695510864,0.74432526814667,0.74432526814667,0.50-0.75,True,False,False,True,,0.04223217305853971,5.161327138625288,True,SUCCESS,
30,20,18,5,10,s000030-i000020-p000010,0.9980886578559875,0.624390243902439,0.624390243902439,0.50-0.75,True,False,False,True,,0.04278915681386904,4.833858374956576,True,SUCCESS,
30,20,19,5,,,,,0.4817289918953505,<0.50,False,False,True,False,,,,False,OVER_SEGMENTATION,best_overlap_prediction_index=8
30,20,20,5,,,,,0.3227701620081894,<0.50,False,False,True,False,,,,False,OVER_SEGMENTATION,best_overlap_prediction_index=23
30,30,0,5,2,s000030-i000030-p000002,0.9994221925735474,0.7242234685073339,0.7242234685073339,0.50-0.75,True,False,True,True,,0.05189491016157569,3.5915600575175377,True,SUCCESS,
30,30,1,5,11,s000030-i000030-p000011,0.9985160231590271,0.7713878326996197,0.7713878326996197,>=0.75,True,False,False,True,,0.0846233790853916,7.556642802545502,True,SUCCESS,
30,30,2,5,13,s000030-i000030-p000013,0.9971593618392944,0.749641662685141,0.749641662685141,0.50-0.75,True,False,False,True,,0.03525939471364791,4.3053979660145005,True,SUCCESS,
30,30,3,5,0,s000030-i000030-p000000,0.9997461438179016,0.6836058926882012,0.6836058926882012,0.50-0.75,True,False,True,True,,0.04431427409932413,4.107509577959547,True,SUCCESS,
30,30,4,5,9,s000030-i000030-p000009,0.9986780285835266,0.7523474178403756,0.7523474178403756,>=0.75,True,False,False,True,,0.06912039959342246,6.804128137121468,True,SUCCESS,
30,30,5,5,19,s000030-i000030-p000019,0.9922780990600586,0.7594587822600852,0.7594587822600852,>=0.75,True,False,False,True,,0.31534912763439554,31.88513350980304,False,POSE_MSSD_AND_MSPD_FAILURE,
30,30,6,5,16,s000030-i000030-p000016,0.9954766631126404,0.8099378881987578,0.8099378881987578,>=0.75,True,False,False,True,,0.699697081255279,88.41034855892796,False,POSE_MSSD_AND_MSPD_FAILURE,
30,30,7,5,12,s000030-i000030-p000012,0.9977606534957886,0.7232205042485026,0.7232205042485026,0.50-0.75,True,False,False,True,,0.04605866841705468,4.26998988957349,True,SUCCESS,
30,30,8,5,7,s000030-i000030-p000007,0.9988503456115723,0.7913269526172751,0.7913269526172751,>=0.75,True,False,False,True,,0.05581416589517518,6.56084706305333,True,SUCCESS,
30,30,9,5,22,s000030-i000030-p000022,0.9799285531044006,0.6751529987760098,0.6751529987760098,0.50-0.75,True,False,False,True,,0.31739115201298956,33.02406541111102,False,POSE_MSSD_AND_MSPD_FAILURE,
30,30,10,5,1,s000030-i000030-p000001,0.9997119307518005,0.6319836597380752,0.6319836597380752,0.50-0.75,True,False,False,True,,0.040516669111529166,4.501618701654385,True,SUCCESS,
30,30,11,5,,,,,0.49514563106796117,<0.50,False,False,False,False,,,,False,MASK_BOUNDARY_IOU_FAILURE,best_overlap_prediction_index=15
30,30,12,5,8,s000030-i000030-p000008,0.9987925291061401,0.8271226415094339,0.8271226415094339,>=0.75,True,False,False,True,,0.06059689930861305,5.1289920687541235,True,SUCCESS,
30,30,13,5,,,,,0.41749134092033646,<0.50,False,False,True,False,,,,False,OVER_SEGMENTATION,best_overlap_prediction_index=23
30,30,14,5,3,s000030-i000030-p000003,0.9993165731430054,0.7784334763948498,0.7784334763948498,>=0.75,True,False,False,True,,0.045236405200107375,5.269093991418414,True,SUCCESS,
30,30,15,5,5,s000030-i000030-p000005,0.9991925358772278,0.8172247732108858,0.8172247732108858,>=0.75,True,False,False,True,,0.035207732730052725,3.613900851469861,True,SUCCESS,
30,30,16,5,10,s000030-i000030-p000010,0.9985886216163635,0.6473895582329318,0.6473895582329318,0.50-0.75,True,False,True,True,,0.07032397448260165,4.59772688111309,True,SUCCESS,
30,30,17,5,18,s000030-i000030-p000018,0.9945888519287109,0.7978169188786901,0.7978169188786901,>=0.75,True,False,False,True,,0.06631441495397664,6.102720831868161,True,SUCCESS,
30,30,18,5,6,s000030-i000030-p000006,0.9990721940994263,0.7517269402681837,0.7517269402681837,>=0.75,True,False,False,True,,0.0540851665487874,6.595977625726558,True,SUCCESS,
30,30,19,5,4,s000030-i000030-p000004,0.9992449283599854,0.6102135025966532,0.6102135025966532,0.50-0.75,True,False,False,True,,0.043530842553720465,2.2241561449862806,True,SUCCESS,
30,30,20,5,21,s000030-i000030-p000021,0.9853217601776123,0.5170350673092904,0.5170350673092904,0.50-0.75,True,False,False,True,,0.04841264060402524,5.73887365538293,True,SUCCESS,
30,40,0,5,3,s000030-i000040-p000003,0.9995678067207336,0.8530556432102662,0.8530556432102662,>=0.75,True,False,False,True,,0.046189279239488595,3.5967792101942924,True,SUCCESS,
30,40,1,5,11,s000030-i000040-p000011,0.9985217452049255,0.7299891995679827,0.7299891995679827,0.50-0.75,True,False,False,True,,0.07403205599538182,5.8078694407469404,True,SUCCESS,
30,40,2,5,12,s000030-i000040-p000012,0.9976844787597656,0.7776525115871227,0.7776525115871227,>=0.75,True,False,False,True,,0.05913140049440454,5.9330800815713465,True,SUCCESS,
30,40,3,5,1,s000030-i000040-p000001,0.9996991157531738,0.7567911714770797,0.7567911714770797,>=0.75,True,False,False,True,,0.03213438390409472,3.249171256212548,True,SUCCESS,
30,40,4,5,7,s000030-i000040-p000007,0.9992256164550781,0.7965966498271736,0.7965966498271736,>=0.75,True,False,False,True,,0.6203441176839629,73.94757827591353,False,POSE_MSSD_AND_MSPD_FAILURE,
30,40,5,5,19,s000030-i000040-p000019,0.9872021079063416,0.6875458771715195,0.6875458771715195,0.50-0.75,True,False,False,True,,0.11401990531681483,12.23463585270918,False,POSE_MSSD_AND_MSPD_FAILURE,
30,40,6,5,14,s000030-i000040-p000014,0.9968425035476685,0.7930693069306931,0.7930693069306931,>=0.75,True,False,False,True,,0.07085485866292894,6.057087322115323,True,SUCCESS,
30,40,7,5,16,s000030-i000040-p000016,0.9958070516586304,0.714659305535377,0.714659305535377,0.50-0.75,True,False,False,True,,0.07234300848341543,7.601021334635221,True,SUCCESS,
30,40,8,5,4,s000030-i000040-p000004,0.9995089769363403,0.8602711157455682,0.8602711157455682,>=0.75,True,False,False,True,,0.052454191649956274,5.0260917515899575,True,SUCCESS,
30,40,9,5,20,s000030-i000040-p000020,0.9815196990966797,0.7301360057265569,0.7301360057265569,0.50-0.75,True,False,False,True,,0.049210972304970714,5.4790849396592884,True,SUCCESS,
30,40,10,5,2,s000030-i000040-p000002,0.9996522665023804,0.6271693596648713,0.6271693596648713,0.50-0.75,True,False,True,True,,0.04831564746698656,4.40650475041569,True,SUCCESS,
30,40,11,5,,,,,0.3434190620272315,<0.50,False,False,True,False,,,,False,OVER_SEGMENTATION,best_overlap_prediction_index=22
30,40,12,5,8,s000030-i000040-p000008,0.9990155696868896,0.8387501568578241,0.8387501568578241,>=0.75,True,False,False,True,,0.05429797718222408,5.278019733997449,True,SUCCESS,
30,40,13,5,10,s000030-i000040-p000010,0.9986299276351929,0.5757264957264957,0.5757264957264957,0.50-0.75,True,False,False,True,,0.02856125459506724,3.6480742521920586,True,SUCCESS,
30,40,14,5,13,s000030-i000040-p000013,0.9972878694534302,0.6812003530450133,0.6812003530450133,0.50-0.75,True,False,False,True,,0.04831276189156268,5.725257902771943,True,SUCCESS,
30,40,15,5,6,s000030-i000040-p000006,0.9993815422058105,0.8154657293497364,0.8154657293497364,>=0.75,True,False,False,True,,0.04054399452152478,4.569420227343867,True,SUCCESS,
30,40,16,5,9,s000030-i000040-p000009,0.9989274144172668,0.7388542665388304,0.7388542665388304,0.50-0.75,True,False,False,True,,0.057696090723076486,4.557683282164768,True,SUCCESS,
30,40,17,5,21,s000030-i000040-p000021,0.9686532616615295,0.7660460558549731,0.7660460558549731,>=0.75,True,False,False,True,,0.0519410543458365,3.6945203142685155,True,SUCCESS,
30,40,18,5,0,s000030-i000040-p000000,0.999884843826294,0.7456828885400314,0.7456828885400314,0.50-0.75,True,False,False,True,,0.06846319180933426,7.429711982127341,True,SUCCESS,
30,40,19,5,5,s000030-i000040-p000005,0.9994308352470398,0.7036820572764465,0.7036820572764465,0.50-0.75,True,False,False,True,,0.016353342554233357,2.0155900409328167,True,SUCCESS,
30,40,20,5,17,s000030-i000040-p000017,0.9936506152153015,0.5452140077821012,0.5452140077821012,0.50-0.75,True,False,True,True,,0.031176515042821772,3.9178135418811944,True,SUCCESS,
40,0,0,4,1,s000040-i000000-p000001,0.999715268611908,0.6771641791044776,0.6771641791044776,0.50-0.75,True,False,True,True,,0.03917604910776865,4.223119632705957,True,SUCCESS,
40,0,1,4,,,,,0.46628721541155865,<0.50,False,False,False,False,,,,False,MASK_BOUNDARY_IOU_FAILURE,best_overlap_prediction_index=4
40,0,2,4,9,s000040-i000000-p000009,0.9986967444419861,0.6475485661424607,0.6475485661424607,0.50-0.75,True,False,False,True,,0.04316983400867405,4.822849953737082,True,SUCCESS,
40,0,3,4,7,s000040-i000000-p000007,0.9991114735603333,0.5614464032942993,0.5614464032942993,0.50-0.75,True,False,True,True,,0.039787953301295205,4.43097020520769,True,SUCCESS,
40,0,4,4,2,s000040-i000000-p000002,0.9996508359909058,0.7372671831218065,0.7372671831218065,0.50-0.75,True,False,False,True,,0.03725557745941159,3.784657324230147,True,SUCCESS,
40,0,5,4,0,s000040-i000000-p000000,0.999771773815155,0.6927573887625853,0.6927573887625853,0.50-0.75,True,False,False,True,,0.0449313522687317,4.601256955465102,True,SUCCESS,
40,0,6,4,15,s000040-i000000-p000015,0.9981881976127625,0.5866185797786345,0.5866185797786345,0.50-0.75,True,False,False,True,,0.060748123989458745,5.514181664477578,True,SUCCESS,
40,0,7,4,,,,,0.45646784308006416,<0.50,False,False,False,False,,,,False,MASK_BOUNDARY_IOU_FAILURE,best_overlap_prediction_index=13
40,0,8,4,5,s000040-i000000-p000005,0.9992814660072327,0.7185681537647681,0.7185681537647681,0.50-0.75,True,False,False,True,,0.042124095117801005,5.032361109091215,True,SUCCESS,
40,0,9,4,,,,,0.42526690391459077,<0.50,False,False,False,False,,,,False,MASK_BOUNDARY_IOU_FAILURE,best_overlap_prediction_index=12
40,0,10,4,,,,,0.4551332597382116,<0.50,False,False,True,False,,,,False,OVER_SEGMENTATION,best_overlap_prediction_index=20
40,0,11,4,19,s000040-i000000-p000019,0.9962770342826843,0.514721919302072,0.514721919302072,0.50-0.75,True,False,True,True,,0.05872297230927632,4.237366055157496,True,SUCCESS,
40,0,12,4,,,,,0.43669803250641576,<0.50,False,False,True,False,,,,False,OVER_SEGMENTATION,best_overlap_prediction_index=24
40,0,13,4,,,,,0.4476650563607085,<0.50,False,False,False,False,,,,False,MASK_BOUNDARY_IOU_FAILURE,best_overlap_prediction_index=21
40,0,14,4,,,,,0.4637501719631311,<0.50,False,False,True,False,,,,False,OVER_SEGMENTATION,best_overlap_prediction_index=3
40,0,15,4,14,s000040-i000000-p000014,0.9982556700706482,0.6038227628149435,0.6038227628149435,0.50-0.75,True,False,False,True,,0.09781531185662745,8.769795263120123,True,SUCCESS,
40,0,16,4,16,s000040-i000000-p000016,0.9976807832717896,0.5584662110858011,0.5584662110858011,0.50-0.75,True,False,False,True,,0.1347169599765023,8.001527278893684,False,POSE_MSSD_ONLY_FAILURE,
40,0,17,4,8,s000040-i000000-p000008,0.998746395111084,0.5213174378662356,0.5213174378662356,0.50-0.75,True,False,False,True,,0.08894924670739617,5.1716980963189645,True,SUCCESS,
40,0,18,4,,,,,0.31455270028858046,<0.50,False,False,False,False,,,,False,MASK_BOUNDARY_IOU_FAILURE,best_overlap_prediction_index=18
40,0,19,4,,,,,0.2918810109595169,<0.50,False,False,False,False,,,,False,MASK_BOUNDARY_IOU_FAILURE,best_overlap_prediction_index=22
40,0,20,4,,,,,0.47720364741641336,<0.50,False,False,True,False,,,,False,OVER_SEGMENTATION,best_overlap_prediction_index=25
40,0,21,4,11,s000040-i000000-p000011,0.9986158609390259,0.7186893727096357,0.7186893727096357,0.50-0.75,True,False,True,True,,0.05323031780081613,6.310158068457726,True,SUCCESS,
40,0,22,4,,,,,0.45097099017022296,<0.50,False,False,False,False,,,,False,MASK_BOUNDARY_IOU_FAILURE,best_overlap_prediction_index=29
40,0,23,4,26,s000040-i000000-p000026,0.9780642986297607,0.5253388946819604,0.5253388946819604,0.50-0.75,True,False,False,True,,0.04202096438641546,4.961195431050911,True,SUCCESS,
40,0,24,4,,,,,0.36746623664583755,<0.50,False,False,False,False,,,,False,MASK_BOUNDARY_IOU_FAILURE,best_overlap_prediction_index=32
40,0,25,4,,,,,0.3424782807498857,<0.50,False,False,True,False,,,,False,OVER_SEGMENTATION,best_overlap_prediction_index=17
40,0,26,4,6,s000040-i000000-p000006,0.9992111921310425,0.736332767402377,0.736332767402377,0.50-0.75,True,False,False,True,,0.03614114787234648,4.277390989937761,True,SUCCESS,
40,10,0,4,7,s000040-i000010-p000007,0.9993027448654175,0.637944181790453,0.637944181790453,0.50-0.75,True,False,False,True,,0.042568478268685414,3.047819643866094,True,SUCCESS,
40,10,1,4,2,s000040-i000010-p000002,0.9995647072792053,0.5718008503634618,0.5718008503634618,0.50-0.75,True,False,False,True,,0.04976412764099851,5.103662964860674,True,SUCCESS,
40,10,2,4,3,s000040-i000010-p000003,0.9994938373565674,0.5721296847114813,0.5721296847114813,0.50-0.75,True,False,False,True,,0.05351920821518669,4.257888288452511,True,SUCCESS,
40,10,3,4,4,s000040-i000010-p000004,0.9994934797286987,0.5807716635041114,0.5807716635041114,0.50-0.75,True,False,True,True,,0.02447160669814865,2.806647356018301,True,SUCCESS,
40,10,4,4,12,s000040-i000010-p000012,0.9985558390617371,0.7550234427327528,0.7550234427327528,>=0.75,True,False,False,True,,0.036899684783260334,3.1563142636501205,True,SUCCESS,
40,10,5,4,8,s000040-i000010-p000008,0.9990897178649902,0.6787129497543192,0.6787129497543192,0.50-0.75,True,False,False,True,,0.0436965134087913,4.126100639798818,True,SUCCESS,
40,10,6,4,0,s000040-i000010-p000000,0.9997096657752991,0.6759031464456817,0.6759031464456817,0.50-0.75,True,False,False,True,,0.03430812105266667,4.15149629174377,True,SUCCESS,
40,10,7,4,25,s000040-i000010-p000025,0.9803675413131714,0.5015974440894568,0.5015974440894568,0.50-0.75,True,False,False,True,,0.03925056439800765,4.530537913941446,True,SUCCESS,
40,10,8,4,1,s000040-i000010-p000001,0.9995799660682678,0.6893758055606702,0.6893758055606702,0.50-0.75,True,False,False,True,,0.04132490654429303,4.108534101300293,True,SUCCESS,
40,10,9,4,,,,,0.36559865092748733,<0.50,False,False,False,False,,,,False,MASK_BOUNDARY_IOU_FAILURE,best_overlap_prediction_index=23
40,10,10,4,27,s000040-i000010-p000027,0.9782733917236328,0.5454983148772268,0.5454983148772268,0.50-0.75,True,False,False,True,,0.05444140023809317,3.229423248019889,True,SUCCESS,
40,10,11,4,13,s000040-i000010-p000013,0.9983090162277222,0.5922531558014871,0.5922531558014871,0.50-0.75,True,False,True,True,,0.04126589446414937,3.2751250970262507,True,SUCCESS,
40,10,12,4,,,,,0.4852790140362889,<0.50,False,False,True,False,,,,False,OVER_SEGMENTATION,best_overlap_prediction_index=22
40,10,13,4,9,s000040-i000010-p000009,0.9988874793052673,0.6528796975761619,0.6528796975761619,0.50-0.75,True,False,False,True,,1.1786531933584545,143.87489164022008,False,POSE_MSSD_AND_MSPD_FAILURE,
40,10,14,4,,,,,0.4860182370820669,<0.50,False,False,True,False,,,,False,OVER_SEGMENTATION,best_overlap_prediction_index=5
40,10,15,4,15,s000040-i000010-p000015,0.9971369504928589,0.5625617711010081,0.5625617711010081,0.50-0.75,True,False,False,True,,0.10196020701866684,4.937079131184463,False,POSE_MSSD_ONLY_FAILURE,
40,10,16,4,14,s000040-i000010-p000014,0.9977095127105713,0.5815804434337691,0.5815804434337691,0.50-0.75,True,False,False,True,,0.0705057762771541,4.0786644097508935,True,SUCCESS,
40,10,17,4,,,,,0.3012561686855092,<0.50,False,False,False,False,,,,False,MASK_BOUNDARY_IOU_FAILURE,best_overlap_prediction_index=24
40,10,18,4,,,,,0.4448005698005698,<0.50,False,False,False,False,,,,False,MASK_BOUNDARY_IOU_FAILURE,best_overlap_prediction_index=20
40,10,19,4,,,,,0.36394557823129253,<0.50,False,False,False,False,,,,False,MASK_BOUNDARY_IOU_FAILURE,best_overlap_prediction_index=21
40,10,20,4,,,,,0.47907066052227343,<0.50,False,False,True,False,,,,False,OVER_SEGMENTATION,best_overlap_prediction_index=16
40,10,21,4,17,s000040-i000010-p000017,0.9930740594863892,0.5734321249007674,0.5734321249007674,0.50-0.75,True,False,False,True,,0.054516892256980004,5.6841643823964345,True,SUCCESS,
40,10,22,4,,,,,0.4324530218384967,<0.50,False,False,False,False,,,,False,MASK_BOUNDARY_IOU_FAILURE,best_overlap_prediction_index=29
40,10,23,4,35,s000040-i000010-p000035,0.2878974676132202,0.5480815930063138,0.5480815930063138,0.50-0.75,True,False,True,True,,0.054245113682212895,4.622725241162477,True,SUCCESS,
40,10,24,4,,,,,0.42950391644908614,<0.50,False,False,False,False,,,,False,MASK_BOUNDARY_IOU_FAILURE,best_overlap_prediction_index=30
40,10,25,4,11,s000040-i000010-p000011,0.9985793828964233,0.5773368395888119,0.5773368395888119,0.50-0.75,True,False,False,True,,0.05151045748297754,3.466298244373504,True,SUCCESS,
40,10,26,4,6,s000040-i000010-p000006,0.9993507266044617,0.7153269892690828,0.7153269892690828,0.50-0.75,True,False,False,True,,0.04786729764028919,4.747435977674028,True,SUCCESS,
40,20,0,4,4,s000040-i000020-p000004,0.9995112419128418,0.5515448603683898,0.5515448603683898,0.50-0.75,True,False,True,True,,0.05872829418804045,5.266001684904273,True,SUCCESS,
40,20,1,4,0,s000040-i000020-p000000,0.9998152852058411,0.5094159388646288,0.5094159388646288,0.50-0.75,True,False,False,True,,0.060072661732668085,7.299372481291934,True,SUCCESS,
40,20,2,4,2,s000040-i000020-p000002,0.9996514320373535,0.6705674241393387,0.6705674241393387,0.50-0.75,True,False,False,True,,0.060437659858173266,4.764110168980911,True,SUCCESS,
40,20,3,4,1,s000040-i000020-p000001,0.9997610449790955,0.6394962634929422,0.6394962634929422,0.50-0.75,True,False,False,True,,0.03915444860690339,4.480025246872396,True,SUCCESS,
40,20,4,4,5,s000040-i000020-p000005,0.9995068311691284,0.6963870367498837,0.6963870367498837,0.50-0.75,True,False,False,True,,0.03761436499844236,4.550407227808041,True,SUCCESS,
40,20,5,4,3,s000040-i000020-p000003,0.9995205402374268,0.621870882740448,0.621870882740448,0.50-0.75,True,False,False,True,,0.05602664861331352,4.734049165421497,True,SUCCESS,
40,20,6,4,8,s000040-i000020-p000008,0.9990425705909729,0.6321560808886357,0.6321560808886357,0.50-0.75,True,False,True,True,,0.05449145221333274,6.251119437164828,True,SUCCESS,
40,20,7,4,10,s000040-i000020-p000010,0.9989697933197021,0.6389259753745735,0.6389259753745735,0.50-0.75,True,False,False,True,,0.05407204583355831,6.31814152189333,True,SUCCESS,
40,20,8,4,11,s000040-i000020-p000011,0.9987518787384033,0.5942740979163137,0.5942740979163137,0.50-0.75,True,False,False,True,,0.06726099115972109,6.513111042876404,True,SUCCESS,
40,20,9,4,17,s000040-i000020-p000017,0.9949843883514404,0.5505409060175794,0.5505409060175794,0.50-0.75,True,False,False,True,,0.04752956689925773,4.4411478134844256,True,SUCCESS,
40,20,10,4,,,,,0.42803829303910435,<0.50,False,False,False,False,,,,False,MASK_BOUNDARY_IOU_FAILURE,best_overlap_prediction_index=23
40,20,11,4,13,s000040-i000020-p000013,0.9981284737586975,0.6100662726132904,0.6100662726132904,0.50-0.75,True,False,True,True,,0.07344243039621066,6.461515385666769,True,SUCCESS,
40,20,12,4,12,s000040-i000020-p000012,0.9983378648757935,0.6004954582989265,0.6004954582989265,0.50-0.75,True,False,True,True,,0.057216147327862,6.128442598378414,True,SUCCESS,
40,20,13,4,,,,,0.43033430558671754,<0.50,False,False,False,False,,,,False,MASK_BOUNDARY_IOU_FAILURE,best_overlap_prediction_index=27
40,20,14,4,,,,,0.4847376788553259,<0.50,False,False,True,False,,,,False,OVER_SEGMENTATION,best_overlap_prediction_index=9
40,20,15,4,,,,,0.3577306193157211,<0.50,False,False,False,False,,,,False,MASK_BOUNDARY_IOU_FAILURE,best_overlap_prediction_index=14
40,20,16,4,20,s000040-i000020-p000020,0.9928086996078491,0.5487653224373779,0.5487653224373779,0.50-0.75,True,False,False,True,,0.05238822349474924,4.748654771446982,True,SUCCESS,
40,20,17,4,15,s000040-i000020-p000015,0.9975041747093201,0.5051032518395443,0.5051032518395443,0.50-0.75,True,False,False,True,,0.07192518579660333,5.704624050594664,True,SUCCESS,
40,20,18,4,,,,,0.31088273077628925,<0.50,False,False,False,False,,,,False,MASK_BOUNDARY_IOU_FAILURE,best_overlap_prediction_index=22
40,20,19,4,,,,,0.3148098192608578,<0.50,False,False,False,False,,,,False,MASK_BOUNDARY_IOU_FAILURE,best_overlap_prediction_index=29
40,20,20,4,,,,,0.4680988184747583,<0.50,False,False,False,False,,,,False,MASK_BOUNDARY_IOU_FAILURE,best_overlap_prediction_index=6
40,20,21,4,16,s000040-i000020-p000016,0.995530903339386,0.5505813953488372,0.5505813953488372,0.50-0.75,True,False,False,True,,0.072962989436544,7.63931392613736,True,SUCCESS,
40,20,22,4,,,,,0.4569339111592633,<0.50,False,False,False,False,,,,False,MASK_BOUNDARY_IOU_FAILURE,best_overlap_prediction_index=26
40,20,23,4,34,s000040-i000020-p000034,0.8639628887176514,0.5838287752675386,0.5838287752675386,0.50-0.75,True,False,True,True,,0.09221000800868594,5.699058498330614,True,SUCCESS,
40,20,24,4,,,,,0.4137343927355278,<0.50,False,False,True,False,,,,False,OVER_SEGMENTATION,best_overlap_prediction_index=35
40,20,25,4,19,s000040-i000020-p000019,0.993486225605011,0.5669797330696985,0.5669797330696985,0.50-0.75,True,False,False,True,,0.0742177029758028,5.539609671823137,True,SUCCESS,
40,20,26,4,7,s000040-i000020-p000007,0.9991983771324158,0.6231544832553115,0.6231544832553115,0.50-0.75,True,False,False,True,,0.05331861534023046,6.390493328692551,True,SUCCESS,
40,30,0,4,10,s000040-i000030-p000010,0.999167799949646,0.6611732688237073,0.6611732688237073,0.50-0.75,True,False,False,True,,0.03881023448491563,4.281447313055262,True,SUCCESS,
40,30,1,4,4,s000040-i000030-p000004,0.9996531009674072,0.5586014445173999,0.5586014445173999,0.50-0.75,True,False,False,True,,0.05537001411514698,6.0758564198919505,True,SUCCESS,
40,30,2,4,0,s000040-i000030-p000000,0.9997385144233704,0.6997428528210559,0.6997428528210559,0.50-0.75,True,False,False,True,,0.04684014540167966,4.802077468664911,True,SUCCESS,
40,30,3,4,2,s000040-i000030-p000002,0.999693751335144,0.7288963517020303,0.7288963517020303,0.50-0.75,True,False,False,True,,0.03956227526702873,4.510722355538388,True,SUCCESS,
40,30,4,4,3,s000040-i000030-p000003,0.9996589422225952,0.7255655774064764,0.7255655774064764,0.50-0.75,True,False,False,True,,0.04711458453388145,3.3870836553231847,True,SUCCESS,
40,30,5,4,1,s000040-i000030-p000001,0.9997369647026062,0.6390507318459571,0.6390507318459571,0.50-0.75,True,False,False,True,,0.04917996742838038,4.891318977802284,True,SUCCESS,
40,30,6,4,6,s000040-i000030-p000006,0.9994021654129028,0.6455327211776709,0.6455327211776709,0.50-0.75,True,False,False,True,,0.04268268839112474,4.844091488418199,True,SUCCESS,
40,30,7,4,7,s000040-i000030-p000007,0.9993522763252258,0.5974667902378745,0.5974667902378745,0.50-0.75,True,False,False,True,,0.04445580022053728,4.874048181961506,True,SUCCESS,
40,30,8,4,9,s000040-i000030-p000009,0.9992448091506958,0.6792009400705052,0.6792009400705052,0.50-0.75,True,False,False,True,,0.05944033433840691,5.07076914034837,True,SUCCESS,
40,30,9,4,19,s000040-i000030-p000019,0.994965136051178,0.5434971349192568,0.5434971349192568,0.50-0.75,True,False,False,True,,0.04995698081240212,4.6078213433914925,True,SUCCESS,
40,30,10,4,,,,,0.41774815854086284,<0.50,False,False,True,False,,,,False,OVER_SEGMENTATION,best_overlap_prediction_index=29
40,30,11,4,15,s000040-i000030-p000015,0.9979670643806458,0.5600556231531375,0.5600556231531375,0.50-0.75,True,False,True,True,,0.04294931971483921,4.105470792815679,True,SUCCESS,
40,30,12,4,14,s000040-i000030-p000014,0.9980721473693848,0.6304115037478966,0.6304115037478966,0.50-0.75,True,False,True,True,,0.05472431840090485,6.134448078217336,True,SUCCESS,
40,30,13,4,,,,,0.2564575645756458,<0.50,False,False,False,False,,,,False,MASK_BOUNDARY_IOU_FAILURE,best_overlap_prediction_index=35
40,30,14,4,,,,,0.42313281022958443,<0.50,False,False,True,False,,,,False,OVER_SEGMENTATION,best_overlap_prediction_index=13
40,30,15,4,,,,,0.4070294784580499,<0.50,False,False,False,False,,,,False,MASK_BOUNDARY_IOU_FAILURE,best_overlap_prediction_index=16
40,30,16,4,,,,,0.47528725150465073,<0.50,False,False,False,False,,,,False,MASK_BOUNDARY_IOU_FAILURE,best_overlap_prediction_index=23
40,30,17,4,8,s000040-i000030-p000008,0.9993379712104797,0.5872911169744943,0.5872911169744943,0.50-0.75,True,False,False,True,,0.07600409654469023,4.567489566803279,True,SUCCESS,
40,30,18,4,,,,,0.33083441981747064,<0.50,False,False,False,False,,,,False,MASK_BOUNDARY_IOU_FAILURE,best_overlap_prediction_index=20
40,30,19,4,,,,,0.2928392309835609,<0.50,False,False,False,False,,,,False,MASK_BOUNDARY_IOU_FAILURE,best_overlap_prediction_index=30
40,30,20,4,18,s000040-i000030-p000018,0.9972794651985168,0.5609157808667212,0.5609157808667212,0.50-0.75,True,False,False,True,,0.06822473113986617,5.423783492716212,True,SUCCESS,
40,30,21,4,5,s000040-i000030-p000005,0.9995750784873962,0.623229461756374,0.623229461756374,0.50-0.75,True,False,False,True,,0.05236124504925462,6.261671942679512,True,SUCCESS,
40,30,22,4,,,,,0.44019260010136846,<0.50,False,False,False,False,,,,False,MASK_BOUNDARY_IOU_FAILURE,best_overlap_prediction_index=32
40,30,23,4,33,s000040-i000030-p000033,0.6351817846298218,0.5358047432650241,0.5358047432650241,0.50-0.75,True,False,False,True,,0.04979972902081292,4.765353640605274,True,SUCCESS,
40,30,24,4,,,,,0.36628883291351805,<0.50,False,False,True,False,,,,False,OVER_SEGMENTATION,best_overlap_prediction_index=39
40,30,25,4,17,s000040-i000030-p000017,0.9974462985992432,0.5694407278565694,0.5694407278565694,0.50-0.75,True,False,True,True,,0.05114582583860793,4.378894638737421,True,SUCCESS,
40,30,26,4,11,s000040-i000030-p000011,0.9991363883018494,0.5767279644895371,0.5767279644895371,0.50-0.75,True,False,False,True,,0.03176222018720017,3.839656207115647,True,SUCCESS,
40,40,0,4,,,,,0.44803772949300996,<0.50,False,False,True,False,,,,False,OVER_SEGMENTATION,best_overlap_prediction_index=17
40,40,1,4,3,s000040-i000040-p000003,0.9996755123138428,0.5013610071452875,0.5013610071452875,0.50-0.75,True,False,False,True,,0.049314768234913604,5.484805910849788,True,SUCCESS,
40,40,2,4,1,s000040-i000040-p000001,0.9997310042381287,0.6983286447128909,0.6983286447128909,0.50-0.75,True,False,False,True,,0.04164777468437294,3.5267085809907766,True,SUCCESS,
40,40,3,4,0,s000040-i000040-p000000,0.9997736811637878,0.7041919715597689,0.7041919715597689,0.50-0.75,True,False,False,True,,0.032669448368262015,3.691435922285893,True,SUCCESS,
40,40,4,4,6,s000040-i000040-p000006,0.9993783235549927,0.7540089801154586,0.7540089801154586,>=0.75,True,False,False,True,,0.053185627850226735,2.81167460415794,True,SUCCESS,
40,40,5,4,20,s000040-i000040-p000020,0.9952816367149353,0.512488928255093,0.512488928255093,0.50-0.75,True,False,True,True,,0.07747275174404776,4.560037962439142,True,SUCCESS,
40,40,6,4,2,s000040-i000040-p000002,0.9997013211250305,0.6516345592527729,0.6516345592527729,0.50-0.75,True,False,False,True,,0.0362855408430806,4.225307981905505,True,SUCCESS,
40,40,7,4,4,s000040-i000040-p000004,0.9994544386863708,0.6041935483870968,0.6041935483870968,0.50-0.75,True,False,False,True,,0.028490249702816033,2.8093452017473206,True,SUCCESS,
40,40,8,4,12,s000040-i000040-p000012,0.9986023306846619,0.7377161444958055,0.7377161444958055,0.50-0.75,True,False,False,True,,0.02417673796984199,2.6630496069549596,True,SUCCESS,
40,40,9,4,16,s000040-i000040-p000016,0.9980608820915222,0.5727842435094002,0.5727842435094002,0.50-0.75,True,False,False,True,,0.0639069360915835,4.397733418985672,True,SUCCESS,
40,40,10,4,,,,,0.37047501324386367,<0.50,False,False,True,False,,,,False,OVER_SEGMENTATION,best_overlap_prediction_index=27
40,40,11,4,8,s000040-i000040-p000008,0.9993353486061096,0.6934796854521625,0.6934796854521625,0.50-0.75,True,False,False,True,,0.055716026777308594,1.8830789991974544,True,SUCCESS,
40,40,12,4,14,s000040-i000040-p000014,0.9983479976654053,0.6253701106436029,0.6253701106436029,0.50-0.75,True,False,True,True,,0.044765687264960656,4.2075289135857625,True,SUCCESS,
40,40,13,4,,,,,0.33487158908507225,<0.50,False,False,False,False,,,,False,MASK_BOUNDARY_IOU_FAILURE,best_overlap_prediction_index=32
40,40,14,4,,,,,0.4434029257207783,<0.50,False,False,True,False,,,,False,OVER_SEGMENTATION,best_overlap_prediction_index=5
40,40,15,4,15,s000040-i000040-p000015,0.9981587529182434,0.5187385740402194,0.5187385740402194,0.50-0.75,True,False,False,True,,0.108641442632763,4.936301490583528,False,POSE_MSSD_ONLY_FAILURE,
40,40,16,4,,,,,0.3468045112781955,<0.50,False,False,False,False,,,,False,MASK_BOUNDARY_IOU_FAILURE,best_overlap_prediction_index=26
40,40,17,4,9,s000040-i000040-p000009,0.99930739402771,0.5830985915492958,0.5830985915492958,0.50-0.75,True,False,False,True,,0.0971262633540276,4.726060907230854,True,SUCCESS,
40,40,18,4,29,s000040-i000040-p000029,0.9595901966094971,0.5246231155778894,0.5246231155778894,0.50-0.75,True,False,True,True,,0.03706443966517667,3.2021858035423794,True,SUCCESS,
40,40,19,4,,,,,0.32094680580300333,<0.50,False,False,False,False,,,,False,MASK_BOUNDARY_IOU_FAILURE,best_overlap_prediction_index=21
40,40,20,4,18,s000040-i000040-p000018,0.9965961575508118,0.6221030453936027,0.6221030453936027,0.50-0.75,True,False,False,True,,0.08853410540265132,5.020290930790595,True,SUCCESS,
40,40,21,4,7,s000040-i000040-p000007,0.999344527721405,0.6676300578034682,0.6676300578034682,0.50-0.75,True,False,False,True,,0.06653317248231048,5.336731748910455,True,SUCCESS,
40,40,22,4,,,,,0.45693191140278916,<0.50,False,False,False,False,,,,False,MASK_BOUNDARY_IOU_FAILURE,best_overlap_prediction_index=35
40,40,23,4,23,s000040-i000040-p000023,0.9924355149269104,0.7489027489027489,0.7489027489027489,0.50-0.75,True,False,False,True,,0.05856709639788005,4.390374508150819,True,SUCCESS,
40,40,24,4,,,,,0.3039194219400044,<0.50,False,False,False,False,,,,False,MASK_BOUNDARY_IOU_FAILURE,best_overlap_prediction_index=31
40,40,25,4,13,s000040-i000040-p000013,0.998359739780426,0.5273582569943055,0.5273582569943055,0.50-0.75,True,False,False,True,,0.053558385364405554,3.362442343796405,True,SUCCESS,
40,40,26,4,10,s000040-i000040-p000010,0.9991979002952576,0.6154337753634765,0.6154337753634765,0.50-0.75,True,False,False,True,,0.021091049659890275,2.127480514652946,True,SUCCESS,
65,0,0,6,,,,,0.3383903942884959,<0.50,False,False,True,False,,,,False,OVER_SEGMENTATION,best_overlap_prediction_index=9
65,0,1,6,0,s000065-i000000-p000000,0.9999613761901855,0.8162993245645218,0.8162993245645218,>=0.75,True,False,False,True,,0.02723110232426763,4.637841651461837,True,SUCCESS,
65,0,2,6,6,s000065-i000000-p000006,0.9976217150688171,0.6463133640552995,0.6463133640552995,0.50-0.75,True,False,True,True,,0.6129974842853699,150.19395338505083,False,POSE_MSSD_AND_MSPD_FAILURE,
65,0,3,6,8,s000065-i000000-p000008,0.9971014857292175,0.5417598806860552,0.5417598806860552,0.50-0.75,True,True,False,True,,0.02468410443027167,3.8755602826543365,True,SUCCESS,
65,0,4,6,3,s000065-i000000-p000003,0.9997283816337585,0.6529862414008756,0.6529862414008756,0.50-0.75,True,False,False,True,,0.026519061067682367,2.3571269419862744,True,SUCCESS,
65,0,5,6,2,s000065-i000000-p000002,0.9998915195465088,0.7004000432479187,0.7004000432479187,0.50-0.75,True,True,False,True,,0.05893434286207889,4.7978843282360915,True,SUCCESS,
65,0,6,6,5,s000065-i000000-p000005,0.9980396628379822,0.7375951693357836,0.7375951693357836,0.50-0.75,True,False,False,True,,0.03424669685404656,1.595265185513119,True,SUCCESS,
65,0,7,6,1,s000065-i000000-p000001,0.9999021291732788,0.7473710358532748,0.7473710358532748,0.50-0.75,True,False,False,True,,0.020946576575788953,4.2994940839882725,True,SUCCESS,
65,0,8,6,7,s000065-i000000-p000007,0.997528612613678,0.5049692808095411,0.5049692808095411,0.50-0.75,True,False,False,True,,0.019147661640102946,4.007062170319986,True,SUCCESS,
65,0,9,6,4,s000065-i000000-p000004,0.9991455078125,0.5941759603469641,0.5941759603469641,0.50-0.75,True,False,False,True,,0.025585429648943732,3.114177890645521,True,SUCCESS,
65,10,0,6,10,s000065-i000010-p000010,0.9846391677856445,0.5325850226168537,0.5325850226168537,0.50-0.75,True,False,True,True,,0.0420015504234223,7.401647287265147,True,SUCCESS,
65,10,1,6,0,s000065-i000010-p000000,0.9999815225601196,0.779126213592233,0.779126213592233,>=0.75,True,False,False,True,,0.025730198001203606,2.8641365615123378,True,SUCCESS,
65,10,2,6,5,s000065-i000010-p000005,0.9992114305496216,0.5889056867077567,0.5889056867077567,0.50-0.75,True,False,False,True,,0.061451388173208644,7.291028953595205,True,SUCCESS,
65,10,3,6,9,s000065-i000010-p000009,0.9979610443115234,0.5473710317460317,0.5473710317460317,0.50-0.75,True,False,False,True,,0.030654356789813986,5.731747849208472,True,SUCCESS,
65,10,4,6,1,s000065-i000010-p000001,0.9999459981918335,0.7736973504067005,0.7736973504067005,>=0.75,True,False,False,True,,0.043765628336384,4.145742235081642,True,SUCCESS,
65,10,5,6,4,s000065-i000010-p000004,0.9992684721946716,0.5640172520024646,0.5640172520024646,0.50-0.75,True,False,True,True,,0.036940549461947345,6.6235845548638155,True,SUCCESS,
65,10,6,6,3,s000065-i000010-p000003,0.9996936321258545,0.7097460444089881,0.7097460444089881,0.50-0.75,True,False,False,True,,0.02255875443738095,3.7453897636496074,True,SUCCESS,
65,10,7,6,2,s000065-i000010-p000002,0.9999092817306519,0.751752184823051,0.751752184823051,>=0.75,True,False,False,True,,0.02490148508337816,4.311811694810749,True,SUCCESS,
65,10,8,6,6,s000065-i000010-p000006,0.9983853101730347,0.7038200425575033,0.7038200425575033,0.50-0.75,True,False,True,True,,0.02084599765462411,4.33163460836416,True,SUCCESS,
65,10,9,6,7,s000065-i000010-p000007,0.9982427358627319,0.567667260239125,0.567667260239125,0.50-0.75,True,False,False,True,,0.025833873937718032,4.578206333066647,True,SUCCESS,
65,20,0,6,,,,,0.38244773920250485,<0.50,False,False,True,False,,,,False,OVER_SEGMENTATION,best_overlap_prediction_index=4
65,20,1,6,0,s000065-i000020-p000000,0.9999635219573975,0.7501916296182738,0.7501916296182738,>=0.75,True,False,False,True,,0.028032837828231263,4.3858318204765006,True,SUCCESS,
65,20,2,6,6,s000065-i000020-p000006,0.9989838004112244,0.5663542751359482,0.5663542751359482,0.50-0.75,True,False,False,True,,0.06997453633639994,7.19909658906714,True,SUCCESS,
65,20,3,6,2,s000065-i000020-p000002,0.9995429515838623,0.5344626923574292,0.5344626923574292,0.50-0.75,True,False,False,True,,0.04507342684758758,5.960592598127885,True,SUCCESS,
65,20,4,6,1,s000065-i000020-p000001,0.9998682737350464,0.7454469156525388,0.7454469156525388,0.50-0.75,True,False,False,True,,0.03306095241505985,3.7128143164469103,True,SUCCESS,
65,20,5,6,,,,,0.40608180839612484,<0.50,False,False,False,False,,,,False,MASK_BOUNDARY_IOU_FAILURE,best_overlap_prediction_index=8
65,20,6,6,7,s000065-i000020-p000007,0.9989383816719055,0.6362911795961743,0.6362911795961743,0.50-0.75,True,False,True,True,,0.04760710521275325,5.795684523745747,True,SUCCESS,
65,20,7,6,3,s000065-i000020-p000003,0.9994139671325684,0.5634784104593153,0.5634784104593153,0.50-0.75,True,False,False,True,,0.03718128919681142,6.232205062316211,True,SUCCESS,
65,20,8,6,9,s000065-i000020-p000009,0.9968909621238708,0.6093701520322681,0.6093701520322681,0.50-0.75,True,False,False,True,,0.3306668360580631,77.4575165004517,False,POSE_MSSD_AND_MSPD_FAILURE,
65,20,9,6,5,s000065-i000020-p000005,0.9990739822387695,0.5409778812572759,0.5409778812572759,0.50-0.75,True,False,False,True,,0.3250822242663908,73.70414016521372,False,POSE_MSSD_AND_MSPD_FAILURE,
65,30,0,6,3,s000065-i000030-p000003,0.9996680021286011,0.666810829513018,0.666810829513018,0.50-0.75,True,False,False,True,,0.025970425851762124,4.581648595709311,True,SUCCESS,
65,30,1,6,0,s000065-i000030-p000000,0.9999654293060303,0.7988905447921841,0.7988905447921841,>=0.75,True,False,False,True,,0.018443768904149577,3.8276132093907087,True,SUCCESS,
65,30,2,6,4,s000065-i000030-p000004,0.9996277093887329,0.601375,0.601375,0.50-0.75,True,False,False,True,,0.784049944194675,180.58532790023747,False,POSE_MSSD_AND_MSPD_FAILURE,
65,30,3,6,9,s000065-i000030-p000009,0.998340368270874,0.5230832084978891,0.5230832084978891,0.50-0.75,True,False,True,True,,0.02865050713458362,5.079826308654482,True,SUCCESS,
65,30,4,6,1,s000065-i000030-p000001,0.9998143315315247,0.7620847743907343,0.7620847743907343,>=0.75,True,False,False,True,,0.026631973746009157,1.4369079509600793,True,SUCCESS,
65,30,5,6,,,,,0.46236559139784944,<0.50,False,False,False,False,,,,False,MASK_BOUNDARY_IOU_FAILURE,best_overlap_prediction_index=8
65,30,6,6,6,s000065-i000030-p000006,0.9994970560073853,0.6841220584432377,0.6841220584432377,0.50-0.75,True,False,True,True,,0.0493533325671507,7.323176749956371,True,SUCCESS,
65,30,7,6,5,s000065-i000030-p000005,0.9995827078819275,0.7220810166799047,0.7220810166799047,0.50-0.75,True,False,True,True,,0.02352322590836996,4.03203509494295,True,SUCCESS,
65,30,8,6,2,s000065-i000030-p000002,0.999711811542511,0.5509676268616784,0.5509676268616784,0.50-0.75,True,False,False,True,,0.3795149879021236,80.64697916176856,False,POSE_MSSD_AND_MSPD_FAILURE,
65,30,9,6,7,s000065-i000030-p000007,0.9994933605194092,0.6396212847555129,0.6396212847555129,0.50-0.75,True,False,False,True,,0.3287200955592632,76.4130932269681,False,POSE_MSSD_AND_MSPD_FAILURE,
65,40,0,6,6,s000065-i000040-p000006,0.9988034963607788,0.6080476900149031,0.6080476900149031,0.50-0.75,True,False,False,True,,0.012241502049370212,2.04560595250017,True,SUCCESS,
65,40,1,6,0,s000065-i000040-p000000,0.999951958656311,0.7144774516821761,0.7144774516821761,0.50-0.75,True,False,False,True,,0.02106786821192381,2.3983400761082154,True,SUCCESS,
65,40,2,6,3,s000065-i000040-p000003,0.9998064637184143,0.6423152570946895,0.6423152570946895,0.50-0.75,True,False,False,True,,0.7967024686249461,178.8473053689194,False,POSE_MSSD_AND_MSPD_FAILURE,
65,40,3,6,5,s000065-i000040-p000005,0.99897301197052,0.5420508521933501,0.5420508521933501,0.50-0.75,True,False,False,True,,0.017728115475814547,3.1997847807482334,True,SUCCESS,
65,40,4,6,12,s000065-i000040-p000012,0.8110898733139038,0.6248817000774327,0.6248817000774327,0.50-0.75,True,False,True,True,,0.038044072535677376,4.647691551911428,True,SUCCESS,
65,40,5,6,1,s000065-i000040-p000001,0.9998966455459595,0.6589580686149936,0.6589580686149936,0.50-0.75,True,False,True,True,,0.05605603155906876,4.848567628629177,True,SUCCESS,
65,40,6,6,8,s000065-i000040-p000008,0.9960862398147583,0.5812985571587126,0.5812985571587126,0.50-0.75,True,False,False,True,,0.028659245367667577,4.249531193633056,True,SUCCESS,
65,40,7,6,2,s000065-i000040-p000002,0.9998296499252319,0.7675886701553285,0.7675886701553285,>=0.75,True,False,False,True,,0.03291030587494597,2.814704181123747,True,SUCCESS,
65,40,8,6,4,s000065-i000040-p000004,0.9992762207984924,0.5651226158038147,0.5651226158038147,0.50-0.75,True,False,True,True,,0.018343701360691925,4.162138594814802,True,SUCCESS,
65,40,9,6,7,s000065-i000040-p000007,0.9972731471061707,0.6629950495049505,0.6629950495049505,0.50-0.75,True,False,False,True,,0.010535249720108882,1.7639283548087434,True,SUCCESS,
